Load (lbf),Resistance (Ohms)
1.00E-05,804679.506
0.00015,803205.542
9.00E-05,802789.524
4.00E-05,809512.049
7.00E-05,806736.672
2.00E-05,807556.15
0.00012,809754.174
2.00E-05,809952.866
3.00E-05,810558.753
0,813675.132
0.00011,815408.59
7.00E-05,814430.019
4.00E-05,815435.036
8.00E-05,818792.89
9.00E-05,821842.567
0,822133.339
0.0001,818179.788
3.00E-05,816048.604
1.00E-05,822760.059
5.00E-05,819117.371
3.00E-05,818516.323
2.00E-05,817415.251
1.00E-05,814427.103
7.00E-05,813839.802
4.00E-05,813776.728
0,815866.014
2.00E-05,816724.368
7.00E-05,818809.853
1.00E-05,817315.267
2.00E-05,816887.87
1.00E-05,817906.766
2.00E-05,813864.987
0,695724.251
1.00E-05,722994.482
4.00E-05,747546.685
3.00E-05,251005.755
9.00E-05,202454.968
3.00E-05,162292.407
7.00E-05,156656.739
0,144764.676
0.00122,139255.789
0.00565,139413.284
0.63673,136138.316
0.95566,130367.501
1.0101,127853.846
1.07253,126703.968
1.13738,124002.846
1.19727,119199.288
1.26013,116600.464
1.32069,106025.327
1.38503,101379.42
1.44653,93832.6909
1.50944,86968.2809
1.57161,81468.9617
1.63381,76936.5249
1.6989,71493.4202
1.76259,66840.4525
1.82471,61473.2452
1.88478,58718.7849
1.94457,55867.5016
2.00786,54387.4203
2.07278,50280.1097
2.13153,47832.4754
2.19413,44745.5678
2.25971,42500.0518
2.31943,40620.145
2.38896,37035.204
2.44941,34936.4108
2.5084,32924.5277
2.57131,31951.845
2.63196,30298.528
2.69406,28599.2748
2.75417,26629.5119
2.8226,24982.7892
2.87889,23742.1983
2.94382,22544.4285
3.0062,21295.2721
3.07532,20107.7175
3.1244,19309.8945
3.1937,18491.2851
3.25258,17990.8147
3.31544,17038.7
3.37741,16218.4379
3.43827,15721.4044
3.51046,15158.0928
3.55425,14715.8643
3.62042,14224.9246
3.69251,13684.3434
3.75783,13121.8978
3.82093,12907.0918
3.87662,12508.7034
3.93921,12178.4283
4.00329,11636.058
4.06385,11290.8028
4.12424,10842.4393
4.19016,10542.8598
4.25921,10254.9796
4.30511,9868.26831
4.37266,9722.294
4.42937,9387.88568
4.50258,9118.27275
4.5557,8949.36929
4.6254,8580.89306
4.67658,8273.33732
4.74613,8189.29271
4.80117,8121.23459
4.86883,7890.97928
4.93604,7756.39241
4.98963,7549.71615
5.05311,7441.13067
5.11668,7180.80487
5.1757,7219.72065
5.24522,7067.35353
5.30708,6778.04315
5.36535,6598.36647
5.43716,6571.82643
5.48488,6547.48752
5.55541,6368.32238
5.62244,6370.43582
5.6892,6118.52225
5.73724,6077.47045
5.80185,5906.32483
5.86792,5815.90124
5.92917,5770.46697
5.99222,5559.91411
6.05538,5369.92089
6.1136,5442.97935
6.17114,5287.14384
6.24218,5273.30818
6.29892,4973.85937
6.36142,4963.15398
6.43952,4902.94574
6.49917,4812.2886
6.56049,4774.13786
6.6119,4769.75041
6.67668,4711.54709
6.74345,4692.73321
6.79774,4704.59444
6.86424,4703.99617
6.93698,4426.12657
6.9895,4477.07097
7.05014,4314.98336
7.12972,4355.53043
7.17956,4261.90561
7.23658,4195.31204
7.31355,4263.74533
7.36334,4097.41538
7.42894,4168.95371
7.48225,3933.26579
7.53336,3858.71458
7.53368,4115.55322
7.52907,3960.28275
7.52508,4031.02558
7.52159,3944.96106
7.51859,3879.55045
7.51577,3958.94164
7.51323,3886.44297
7.51085,3919.6133
7.50864,184116.48
7.44984,567176.385
0.00157,515391.337
0.00155,524579.644
0.0014,612169.622
0.00135,558055.149
0.00122,530283.172
0.00121,583953.071
0.001,571676.204
0.00112,668941.631
0.001,707226.184
0.0011,727484.855
0.00101,711913.824
0.00099,694176.653
0.00102,630680.527
0.00091,655770.214
0.00087,698945.264
0.00086,765134.297
0.00079,778008.487
0.00081,856360.343
0.00078,771042.783
0.00084,738301.738
0.00086,778184.258
0.00073,819206.734
0.00085,845406.533
0.0015,593296.964
0.00346,652593.1
0.0065,346994.639
0.03704,33733.0471
2.76836,29137.0889
2.6658,25661.8984
2.83843,23993.7206
2.88767,22323.0992
2.95672,21183.7309
3.02109,20218.3768
3.06977,19147.8274
3.1411,17886.3885
3.2043,17162.0063
3.26117,16597.5189
3.32671,15839.1329
3.38353,15190.6231
3.45398,14508.9662
3.5111,14041.736
3.57466,13533.6625
3.64742,13070.2641
3.70376,12728.1868
3.76864,12433.6294
3.81191,12039.9932
3.86599,11579.7738
3.93644,11103.1241
3.98824,10860.5569
4.06427,10662.8176
4.12395,10274.3651
4.19517,10118.6426
4.24251,9695.93771
4.31416,9393.02003
4.36877,9191.52891
4.42635,8985.06067
4.50397,8805.31482
4.55415,8650.16746
4.61861,8235.575
4.67852,8080.79093
4.74685,7998.92758
4.80621,7916.23434
4.86886,7859.12743
4.9391,7560.82955
4.98809,7462.68627
5.05419,7332.62821
5.12467,7312.71987
5.17744,7056.03123
5.24726,6765.24443
5.30526,6798.94761
5.36469,6564.89871
5.43642,6560.31238
5.48448,6253.57988
5.55417,6280.4852
5.6266,6156.05282
5.6929,6016.39555
5.74036,5877.78314
5.79974,5828.75216
5.86464,5675.11058
5.92977,5561.00039
5.99296,5580.97137
6.05824,5267.73475
6.1121,5484.43782
6.17283,5354.51082
6.24255,5206.15554
6.30347,5086.61784
6.35858,5048.64694
6.4448,4980.97564
6.50497,4922.81647
6.5611,4868.04614
6.61104,4747.56915
6.67185,4773.12971
6.74808,4636.647
6.7947,4758.30187
6.86264,4532.91982
6.93586,4270.04245
6.99787,4417.29864
7.04598,4363.81075
7.12282,4363.01513
7.18977,4295.11739
7.23498,4072.44677
7.31128,4248.17248
7.37173,4124.77923
7.4261,4003.43609
7.4859,4162.00809
7.51942,3986.12513
7.52711,4050.99983
7.52627,4048.02005
7.52298,3917.17356
7.52,3890.82353
7.51727,3799.79108
7.51496,3878.28989
7.51262,3971.83234
7.51048,3976.71573
7.50837,4053.08452
7.50637,3961.8343
7.50455,488241.164
3.8462,494611.208
0.00187,478255.197
0.0017,542451.204
0.00154,608549.441
0.00148,532204.379
0.00134,535567.291
0.00134,636490.441
0.00135,672757.066
0.00119,609593.314
0.00122,646633.954
0.0012,680178.809
0.0012,671652.992
0.00101,699587.876
0.00119,695448.567
0.00108,595443.54
0.00105,662919.612
0.00108,715221.311
0.00103,639361.039
0.00098,724226.284
0.00096,775014.157
0.00094,732431.166
0.00099,707843.27
0.00101,729355.208
0.00098,739290.546
0.00166,732580.584
0.00354,686031.895
0.00653,444334.035
0.02979,33449.8223
2.73813,29405.589
2.6484,25622.8133
2.79598,23249.7708
2.8564,22175.3065
2.92089,21143.0822
2.97838,19874.8742
3.04152,18863.4365
3.10405,18069.0752
3.1583,17131.6571
3.22384,16547.1076
3.29664,15694.3102
3.34239,15051.8592
3.41738,14421.5956
3.46886,13807.6772
3.54141,13365.4262
3.59501,12787.4957
3.67503,12479.3446
3.74126,12198.8829
3.77575,11973.8469
3.82911,11604.5027
3.88586,11131.1759
3.95532,10787.5519
4.016,10389.0422
4.08479,10257.0404
4.14066,9911.94925
4.21596,9512.71193
4.26829,9395.80745
4.334,9117.87858
4.38566,8986.70548
4.46265,8887.39031
4.51812,8555.36557
4.58293,8220.38072
4.63716,8098.86413
4.70726,7969.98166
4.76431,7691.23285
4.82823,7339.10731
4.89214,7468.03788
4.95869,7223.5701
5.00715,7201.41487
5.07125,7013.37909
5.13871,6811.55877
5.20173,6631.63193
5.27259,6565.38949
5.32305,6437.76032
5.40211,6328.86288
5.44582,6267.36629
5.50314,6092.50583
5.57848,5998.31385
5.64892,5854.14692
5.70468,5747.03916
5.76766,5744.86272
5.82139,5698.95638
5.88403,5510.62187
5.95016,5362.60003
6.01226,5322.95623
6.08086,5240.77316
6.13466,5212.0652
6.19946,4930.46899
6.26322,4977.01179
6.32115,4914.84399
6.3825,4808.1233
6.46765,4770.38136
6.52468,4787.43894
6.58263,4704.19816
6.63192,4567.7972
6.69806,4582.99288
6.76202,4620.62911
6.81551,4410.85343
6.88612,4315.44318
6.96211,4339.06502
7.0165,4272.91037
7.06953,4235.36104
7.15079,4067.14776
7.20275,4135.26893
7.25472,3902.46367
7.3405,3807.69398
7.39023,4009.94895
7.4463,4028.23577
7.49965,3925.94144
7.5177,4011.57729
7.52564,3808.98746
7.52536,3887.11543
7.52341,3788.10624
7.52128,3919.94165
7.51897,3957.7782
7.51689,3829.00948
7.51515,3854.16257
7.51393,3806.41028
7.51297,3862.35324
7.51228,499240.901
0.02442,524504.021
0.00194,560819.823
0.00185,601208.688
0.00176,655776.129
0.00155,654975.335
0.00158,708572.981
0.0015,703840.634
0.00141,741365.222
0.00137,623679.234
0.00144,634012.228
0.00145,676250.428
0.00138,650156.854
0.00126,663650.063
0.00136,671309.534
0.00131,645056.471
0.00119,628511.398
0.00126,628637.019
0.00115,643100.597
0.00122,702903.336
0.00119,698618.989
0.00119,666651.097
0.00106,696564.675
0.00106,733554.931
0.00113,752428.729
0.00117,775891.475
0.00106,774251.917
0.00113,804721.786
0.00176,762250.601
0.00353,696874.575
0.00611,867133.638
0.01474,28192.2272
2.19398,26467.2773
2.87748,22783.2407
2.92617,21193.6722
3.0354,19292.7562
3.10281,18497.8374
3.16618,17192.0402
3.22529,16700.8076
3.28342,15765.393
3.35009,15105.6704
3.41289,14521.9358
3.47793,13980.6627
3.53757,13399.6971
3.61339,12889.4444
3.68345,12516.9772
3.7242,12245.8426
3.78282,11823.923
3.85191,11428.3899
3.90484,11063.8926
3.98196,10576.6884
4.0411,10375.032
4.10388,10001.6858
4.15742,9743.24663
4.23542,9330.50059
4.28389,9344.8286
4.34749,9135.57105
4.41661,8763.45553
4.47439,8456.57703
4.53686,8271.83483
4.59788,8094.7608
4.66301,7952.59189
4.72031,7778.03275
4.78282,7515.32871
4.85503,7406.66306
4.90307,7259.25297
4.97851,7145.56006
5.04073,7056.62174
5.0933,6792.70004
5.16178,6629.22858
5.22463,6645.17274
5.27918,6548.18788
5.35462,6261.6926
5.40448,6142.39649
5.47653,6004.84378
5.53644,6071.40585
5.60592,5870.66218
5.65227,5749.8653
5.72683,5644.17752
5.78207,5575.08021
5.84779,5465.18365
5.90609,5368.99439
5.97822,5374.64373
6.03029,5171.92644
6.09643,5082.57181
6.15925,5070.36029
6.22067,4991.26962
6.27885,4917.75368
6.3512,4860.56165
6.41177,4713.99229
6.47264,4631.97102
6.53102,4638.67446
6.58358,4560.42862
6.65394,4492.2659
6.71068,4322.35877
6.76823,4503.76503
6.83743,4318.30717
6.90707,4220.35297
6.96525,4276.01805
7.02184,4273.79486
7.09876,4127.84377
7.15556,4190.78608
7.20776,4220.04612
7.2905,4007.53839
7.33742,4042.41288
7.39687,3832.76657
7.45819,3763.08634
7.52943,3755.47209
7.52988,3655.65827
7.52609,3683.85997
7.52253,3863.15655
7.51937,3690.03852
7.51649,3734.99294
7.51405,3880.67579
7.51171,3711.61115
7.50955,3787.73149
7.50745,3793.03809
7.50558,84175.6119
7.46153,451187.507
0.00196,456506.293
0.00193,561813.45
0.0018,672978.511
0.00164,690972.354
0.00158,692463.129
0.00163,684274.017
0.00152,688638.618
0.00138,610696.426
0.00135,607431.429
0.00133,647251.784
0.00129,654044.743
0.00135,637324.91
0.00129,623617.996
0.00126,607193.134
0.00121,649169.938
0.00122,633103.818
0.00121,660297.473
0.00121,668880.003
0.00119,673906.487
0.0012,695833.56
0.00116,772087.671
0.0012,755565.231
0.00247,702279.778
0.00474,702843.929
0.01062,39990.0439
1.20298,36567.0348
2.40066,30522.7567
2.51258,28263.3497
2.58902,26405.6827
2.65273,24425.0719
2.71683,23166.0007
2.78304,22015.6956
2.83975,20800.8927
2.90993,19757.3748
2.97017,18764.5723
3.02692,17800.1327
3.09079,17184.445
3.14718,16648.7749
3.21157,15744.7153
3.28243,15034.3645
3.33676,14273.5276
3.41368,13935.8924
3.46282,13373.0898
3.53146,12904.6226
3.59213,12606.2229
3.66568,12229.1602
3.7295,11952.2029
3.76527,11416.577
3.81843,11167.3295
3.88465,10769.3748
3.94284,10486.1126
4.01618,10215.835
4.07929,9737.43445
4.13628,9735.687
4.20193,9267.11116
4.26925,9091.87296
4.32634,8901.47765
4.38388,8687.44842
4.45643,8633.1681
4.50844,8469.58368
4.57639,8132.45308
4.62992,7900.36207
4.69989,7905.18627
4.75539,7479.25945
4.81804,7353.21631
4.88362,7265.00569
4.94743,7169.425
5.00157,6964.96508
5.06913,6808.58593
5.1296,6632.8869
5.19763,6474.2235
5.2602,6450.95984
5.3132,6123.14127
5.39335,6385.24463
5.44032,6036.58429
5.49736,5987.88178
5.57485,6073.94769
5.646,5775.14834
5.69368,5849.76281
5.76209,5575.59042
5.81804,5406.31802
5.87663,5443.47762
5.94285,5287.21513
6.00806,5160.25482
6.07313,5088.03417
6.13029,5015.15015
6.19307,5081.31182
6.25683,5032.35801
6.31717,4805.60366
6.37417,4515.79197
6.4622,4728.19419
6.51728,4527.9685
6.57672,4640.35855
6.62641,4657.96965
6.68701,4459.04109
6.75983,4306.02266
6.80983,4259.74686
6.88008,4276.57647
6.95113,4339.61148
7.01172,4203.74829
7.06344,4156.79673
7.14021,4047.57755
7.20205,4061.25968
7.25122,3963.89196
7.33182,3953.05486
7.38412,3888.37443
7.43911,3871.17073
7.50107,3737.75116
7.51764,3759.6042
7.52093,3841.91639
7.52255,3907.16454
7.52137,3695.58164
7.51903,3814.44202
7.51682,3719.078
7.51483,3769.31267
7.51346,3890.28361
7.51241,3825.09721
7.51145,3790.3175
7.51075,3942.75556
7.51003,3640.31673
7.50947,3776.87331
7.50897,455817.33
2.17813,467937.042
0.00217,427091.898
0.00184,582747.092
0.00179,597662.487
0.00176,571337.7
0.00171,646996.157
0.00166,627044.625
0.00168,615651.272
0.0015,588809.295
0.00151,589042.216
0.00142,571835.41
0.00135,593181.209
0.00128,605792.338
0.0014,598033.708
0.00137,572486.681
0.0013,600404.013
0.00128,602758.751
0.00119,566217.14
0.00122,613060.498
0.00129,647949.634
0.00109,625975.888
0.00126,684210.959
0.0012,715773.805
0.00114,683296.318
0.00121,666948.516
0.00114,676139.473
0.00126,716186.16
0.00187,753863.81
0.0037,691388.701
0.0064,905622.533
0.0173,29146.456
2.66395,27015.2441
2.77693,22934.1443
2.91567,20894.5697
2.95692,19839.8765
3.02556,18805.8725
3.08284,17420.0046
3.14485,16921.0625
3.21245,16279.5556
3.27331,15274.6373
3.33512,14581.3202
3.40699,14220.0926
3.45783,13749.0428
3.52189,12995.3222
3.59062,12446.2981
3.66628,12346.0565
3.71325,12057.3878
3.76689,11463.6637
3.82413,11218.3439
3.89283,10923.1484
3.94662,10383.6474
4.01692,10167.5274
4.07876,9904.68968
4.15352,9738.68304
4.19596,9357.3326
4.2731,9180.95924
4.32039,8890.19317
4.38981,8794.7158
4.45566,8492.11883
4.51279,8289.66333
4.57686,8183.51332
4.63157,8100.8306
4.70452,7753.20347
4.76182,7499.75901
4.82676,7492.06039
4.89816,7301.86143
4.94175,7267.77065
5.0142,7081.79791
5.08579,6937.69875
5.13405,6882.32379
5.20372,6479.23977
5.25987,6664.39684
5.32201,6316.85866
5.39272,6390.23508
5.44425,6256.61582
5.51319,6040.50213
5.58454,5947.01588
5.64413,5965.88306
5.69611,5768.05131
5.76316,5704.53721
5.82097,5665.96636
5.8862,5405.7059
5.94541,5168.40818
6.01745,5146.64361
6.07082,5119.48348
6.13511,5109.72004
6.19913,4957.19764
6.25927,4987.7952
6.31696,4952.29856
6.39007,4847.7709
6.45738,4784.59257
6.5196,4671.76396
6.57589,4361.10377
6.63229,4468.96851
6.7036,4381.92916
6.75589,4565.70237
6.81613,4382.21487
6.88499,4314.69755
6.95833,4237.82422
7.01114,4251.8436
7.0694,4245.32905
7.1499,4130.07332
7.19842,4157.57534
7.25604,4031.07207
7.33979,4072.98069
7.38314,3875.92222
7.44641,3949.37585
7.50117,3797.53313
7.52464,4012.29665
7.5275,3812.15305
7.52565,3830.20781
7.52306,3794.77447
7.52057,3815.30711
7.51929,3814.14331
7.51841,3853.52695
7.51777,3841.66154
7.51707,3860.76636
7.51624,507353.651
0.00238,491713.691
0.00205,500617.561
0.00189,590051.71
0.00186,638916.037
0.00169,653132.866
0.00161,544011.893
0.00161,619253.89
0.00149,623882.631
0.00144,611081.653
0.00136,588284.612
0.00137,568162.521
0.00138,565432.004
0.00128,548978.855
0.00137,540015.835
0.00143,545907.396
0.00131,557765.36
0.00129,565766.426
0.00124,573463.493
0.0012,618034.895
0.00121,644265.537
0.00116,661035.611
0.00122,664458.358
0.00122,713943.539
0.00121,676378.072
0.00126,692194.719
0.00283,598470.622
0.00504,730944.281
0.0111,38817.625
1.04294,29692.6366
2.66484,25328.6153
2.8197,22896.5079
2.80283,20764.5324
2.91164,19827.0706
2.97497,18561.5033
3.03359,17961.1855
3.09134,16966.0265
3.15775,16174.2019
3.22563,15663.9136
3.28156,14932.0865
3.35425,14392.1169
3.40563,13942.6027
3.47697,13214.6757
3.53704,12815.0403
3.60914,12345.1861
3.66702,12172.582
3.71453,11920.684
3.77135,11249.6293
3.8407,10959.6449
3.89375,10574.0108
3.966,10314.6667
4.02915,9887.60322
4.09801,9801.29644
4.14526,9396.77887
4.22297,9257.62449
4.27079,9035.89047
4.33824,8848.33624
4.40249,8476.25043
4.46416,8302.55097
4.52679,8262.73124
4.58217,8116.81578
4.65356,7829.10195
4.7085,7594.58288
4.77455,7448.99827
4.84559,7373.89103
4.89309,7109.41271
4.96048,7068.3774
5.03115,6841.8952
5.08547,6811.4637
5.14876,6692.63842
5.20864,6517.28366
5.2739,6495.19635
5.34375,6264.24222
5.39129,5996.23408
5.45784,6065.24125
5.52982,5851.65681
5.59122,5871.67079
5.64842,5749.96908
5.71297,5477.07297
5.76869,5502.85919
5.83453,5251.4452
5.89596,5288.72322
5.96296,5018.25131
6.02498,4956.59411
6.08515,4919.81941
6.14692,5065.43908
6.21117,4913.18781
6.27119,4790.17021
6.32769,4852.77877
6.41471,4698.76223
6.46333,4587.67785
6.53125,4703.46473
6.57922,4439.42905
6.64341,4413.36956
6.71692,4440.24772
6.76377,4228.54248
6.83376,4170.07128
6.90403,4149.13262
6.9665,4234.81279
7.01856,3982.33882
7.08325,4199.03686
7.15568,4051.07754
7.20332,3855.43178
7.27519,3894.06258
7.34006,3909.86672
7.39199,3890.65844
7.46416,3675.86394
7.50516,3734.15652
7.52744,3744.00959
7.52668,3749.68206
7.52384,3725.87687
7.52121,3903.5002
7.51868,3664.87529
7.51638,3729.02471
7.51428,3718.30015
7.51226,3772.06177
7.51037,3574.14501
7.50857,162518.821
7.36958,471710.143
0.00215,482786.287
0.00198,527398.649
0.00186,540258.922
0.00186,586183.296
0.00163,616043.325
0.00159,522726.709
0.00158,614308.06
0.00164,627575.261
0.00156,570865.025
0.00143,553187.18
0.00143,547373.769
0.00142,543393.565
0.00144,557994.54
0.0014,539364.002
0.0013,555580.489
0.00136,561387.57
0.00134,566127.142
0.0014,569974.309
0.00129,617803.671
0.00137,641397.491
0.00126,660595.641
0.00137,627459.318
0.00332,583879.388
0.00617,484564.581
0.01892,38989.4749
2.50941,30556.7199
2.52353,27030.8016
2.56122,25395.4074
2.63165,23389.8597
2.69897,22119.9368
2.76015,20735.0264
2.81883,19618.8517
2.88426,18881.4988
2.95222,18059.8735
3.00378,17395.6727
3.07351,16438.6843
3.13045,15836.4342
3.19377,15193.227
3.25239,14582.9418
3.31581,14032.3149
3.38415,13493.7232
3.44036,12949.9196
3.50593,12513.5048
3.57657,11910.537
3.63718,11803.9239
3.6992,11398.6464
3.75388,11205.4989
3.80678,10561.3697
3.87731,10320.0193
3.92982,9955.47314
4.00063,9743.33277
4.06095,9444.39357
4.1384,9357.09495
4.17764,9033.07385
4.25504,8780.3955
4.30439,8587.70313
4.37339,8390.58184
4.4374,8133.97147
4.49531,7970.08031
4.55906,7772.18307
4.61417,7644.78321
4.68898,7397.33866
4.74441,7310.11143
4.81152,7176.37137
4.87817,7037.75414
4.92437,6844.9979
4.99587,6672.35772
5.06616,6612.81198
5.11974,6514.65166
5.18804,6375.15846
5.24422,6240.12561
5.31153,6227.51016
5.37381,6164.3267
5.42564,5901.84975
5.49986,5791.64504
5.56602,5687.08228
5.6276,5546.64005
5.67911,5509.85035
5.74694,5391.00237
5.80548,5291.71781
5.87276,5268.1181
5.92904,4915.25713
6.00048,5016.70791
6.05525,4934.74025
6.12008,4744.2378
6.18319,4791.02341
6.2444,4746.99999
6.3022,4666.01987
6.3732,4641.45616
6.44063,4496.32244
6.50306,4492.30659
6.56042,4494.29858
6.61672,4537.58546
6.68391,4361.4155
6.74153,4267.27664
6.80132,4252.85933
6.86996,4274.9559
6.93631,4241.81687
6.99697,4251.06335
7.05247,3976.67225
7.13178,4020.53219
7.18363,3892.26741
7.23941,4008.79762
7.31751,3861.62462
7.3686,3787.01618
7.42832,3617.63982
7.49343,3675.97597
7.51706,3774.87001
7.52532,3759.32856
7.52381,3748.51182
7.52126,3618.96696
7.51873,3841.32514
7.51707,3647.50691
7.51622,3571.88587
7.51563,3734.92818
7.51546,3640.94805
7.51567,457186.532
1.274,482418.426
0.0023,524668.907
0.00205,559946.086
0.00194,525398.39
0.00185,578260.542
0.00182,607936.124
0.00169,521351.717
0.00163,602096.84
0.00154,576336.291
0.00152,540800.034
0.00154,539478.522
0.00155,525276.427
0.00148,543833.315
0.00141,547322.228
0.00137,550464.045
0.00152,587804.04
0.00134,564110.463
0.00145,560725.369
0.00135,618318.069
0.00128,612836.754
0.00133,630294.647
0.00129,632731.407
0.00134,634498.919
0.00128,632176.395
0.00254,591516.363
0.00457,626458.569
0.00901,86750.6196
0.51444,30611.9606
2.58979,26638.7178
2.57863,23974.3738
2.72442,21930.7705
2.789,20767.2252
2.85237,19384.1632
2.90972,18455.0051
2.97672,17697.7272
3.03157,17045.4461
3.09254,16091.6072
3.15966,15601.6348
3.23204,14900.3663
3.27968,14214.6845
3.35185,13917.5585
3.40715,13302.2215
3.48093,12790.767
3.53322,12409.9869
3.61306,12024.6292
3.6685,11731.6704
3.72224,11161.7705
3.78076,10906.5745
3.84441,10446.9958
3.90371,10195.8968
3.97928,9787.74753
4.03918,9743.8878
4.09558,9493.66482
4.15767,9095.88707
4.23649,9036.43598
4.27384,8714.24924
4.33842,8525.69479
4.40907,8273.26833
4.46517,8139.4322
4.52977,7995.35826
4.58732,7565.72098
4.65131,7578.30691
4.70979,7548.57454
4.77773,7374.35844
4.83346,7173.95273
4.90394,7038.22995
4.95371,6833.42134
5.01899,6657.98428
5.08507,6610.13291
5.15323,6455.58617
5.21915,6284.26514
5.27291,6193.32735
5.34701,6051.61893
5.39283,5930.95957
5.45407,5942.64951
5.52754,5715.33856
5.5902,5474.71317
5.65151,5537.7663
5.71381,5508.72366
5.76548,5325.51729
5.83446,5159.22061
5.89909,5095.678
5.96021,5022.34426
6.02888,4983.40778
6.08053,4882.39098
6.14569,4804.89844
6.21079,4701.73519
6.27179,4655.81213
6.32725,4494.52027
6.4175,4669.45198
6.46448,4499.20882
6.53214,4316.11435
6.5816,4356.94584
6.64245,4263.23114
6.72013,4279.23858
6.76342,4196.66292
6.83067,4248.94481
6.90368,4016.65872
6.96804,4239.67125
7.0199,3967.47646
7.07981,4039.98472
7.16187,3943.26521
7.20409,3713.80425
7.27054,3815.30784
7.34605,3758.542
7.39394,3687.25442
7.46127,3747.55137
7.50635,3834.13734
7.52104,3814.18634
7.52605,3613.2161
7.52376,3586.72771
7.52114,3675.05746
7.51874,3790.1935
7.51689,3721.57611
7.51553,3798.7796
7.51452,3764.52812
7.51389,3662.15949
7.51377,479275.584
0.08818,511059.439
0.00226,542512.429
0.00212,559150.592
0.00189,562100.894
0.00179,606287.231
0.0017,562637.842
0.00177,579397.941
0.0017,607294.719
0.00164,594757.608
0.00157,537999.622
0.0015,525161.651
0.00144,519508.179
0.00145,535593.632
0.00142,557144.661
0.00144,547294.655
0.00142,537125.451
0.00142,547026.353
0.00133,592799.834
0.00135,604948.011
0.0013,610038.313
0.00134,616340.469
0.00137,606342.084
0.00126,646799.963
0.00136,650741.048
0.00135,666879.425
0.00294,652297.85
0.00523,805396.754
0.0119,29682.2926
1.35872,24374.8283
2.67373,22362.0581
2.89077,20551.9034
2.88429,19283.3529
2.99464,18129.3635
3.06416,17208.5188
3.12814,16149.5021
3.18875,15560.3036
3.24137,14996.1382
3.31013,14222.8748
3.37369,13606.5273
3.43763,13116.4076
3.49587,12769.2683
3.57678,12444.9016
3.63698,12033.2054
3.67994,11949.0407
3.73951,11285.6388
3.80185,11001.3578
3.86126,10508.4726
3.93409,10160.6234
3.99222,9864.15593
4.05262,9753.34727
4.12338,9317.7757
4.18485,9200.09621
4.24448,8901.54744
4.30041,8628.42964
4.37494,8561.17016
4.42788,8419.50318
4.49355,8056.48026
4.55256,7671.80204
4.61226,7777.76272
4.67523,7494.67204
4.74073,7446.43645
4.79679,7323.25858
4.86855,7218.30383
4.91652,7033.95648
4.98242,6818.11219
5.05161,6600.66422
5.11489,6646.35213
5.18359,6392.12738
5.23781,6545.55002
5.30744,6198.50066
5.35843,6019.66876
5.41366,5900.83269
5.49376,5895.18069
5.558,5756.07701
5.61587,5539.25238
5.67331,5498.54013
5.73287,5618.39731
5.79727,5276.17227
5.86439,5206.62268
5.92102,5319.49292
5.99598,5005.7818
6.04126,5055.48762
6.11438,4875.94981
6.17346,4729.14733
6.23502,4854.54041
6.28915,4604.37388
6.38058,4516.0066
6.42819,4581.85224
6.49777,4631.60452
6.54713,4430.3859
6.60759,4412.54381
6.68182,4232.29895
6.72918,4266.05905
6.79185,4203.21671
6.86307,4173.68936
6.93406,4125.76764
6.98569,4136.14974
7.04426,3987.94322
7.12909,3893.81992
7.17272,3826.73
7.23667,3868.69309
7.31376,3914.30177
7.36053,3813.94624
7.42218,3803.75597
7.47938,3762.96225
7.52291,3586.58338
7.5387,3748.38472
7.53542,3635.68718
7.53229,3641.81392
7.5298,3618.90395
7.52739,3727.34804
7.52485,3711.75415
7.52285,3632.27008
7.52089,3558.98411
7.519,3591.17516
7.51729,3739.73549
7.51564,3664.68426
7.51409,501316.573
0.62805,536192.965
0.00225,508017.066
0.00206,556207.998
0.00203,546396.64
0.00191,552170.782
0.00185,559519.638
0.00173,569487.785
0.0017,601225.947
0.00158,582933.46
0.00162,602312.867
0.00169,546084.383
0.00152,515772.681
0.00154,530527.687
0.00157,574262.493
0.00152,571063.423
0.00155,567762.217
0.00143,645315.827
0.00155,651702.228
0.00154,634199.152
0.00141,617169.331
0.00148,651143.308
0.00138,672364.162
0.00148,688468.225
0.00131,697104.893
0.00136,674396.74
0.00281,694866.403
0.00474,695304.249
0.00943,87585.4484
0.53081,24688.531
2.91255,19934.8265
3.05324,18156.1023
3.13474,16760.0989
3.19873,16009.8507
3.25819,14999.8977
3.32759,14510.7055
3.38791,13854.364
3.45719,13413.526
3.51121,13010.1569
3.58701,12481.2641
3.64623,12096.285
3.69756,11753.5857
3.75687,11191.5716
3.82272,11105.8543
3.88152,10748.3091
3.9527,10417.656
4.00927,10103.786
4.07267,9843.12379
4.13794,9547.34108
4.20714,9384.36321
4.25854,9080.54853
4.31155,8781.43944
4.38367,8731.69201
4.44157,8416.09802
4.50263,8093.79608
4.56449,7969.72173
4.62055,7801.34439
4.68854,7658.01384
4.754,7546.8287
4.80728,7233.19527
4.88558,7252.65788
4.92661,7120.84535
4.99617,6760.01265
5.06387,6466.17905
5.12486,6577.95176
5.19494,6443.17149
5.25017,6145.31952
5.31516,6261.08359
5.37328,6102.077
5.42805,6002.24712
5.50501,5744.99587
5.56531,5771.81466
5.63338,5695.36509
5.68399,5599.22098
5.74496,5374.56337
5.811,5427.74056
5.87697,5292.71724
5.93135,5186.25909
6.00908,5059.29774
6.05606,5021.57326
6.12487,4940.43835
6.18633,4846.31397
6.24817,4786.65569
6.30245,4739.67335
6.38343,4665.98634
6.44161,4596.60732
6.51113,4551.61718
6.56098,4561.55589
6.61961,4450.78811
6.6885,4385.81126
6.74454,4422.6482
6.80156,4224.22754
6.87289,4209.95973
6.94488,4183.00906
6.99909,4125.13047
7.05761,4090.6852
7.13753,4158.96462
7.18804,3960.14156
7.24501,3878.60363
7.32276,3932.07344
7.37561,3867.6007
7.4295,3848.98929
7.49854,3854.56203
7.51958,3779.70915
7.52455,3808.37778
7.52511,3779.35543
7.52312,3659.04385
7.52116,3735.64219
7.51961,3679.68657
7.51849,3801.27176
7.51735,3793.48325
7.51624,3724.8591
7.51528,3771.71481
7.51431,504294.989
0.00234,511561.904
0.00225,515340.216
0.0021,562931.472
0.00204,548669.154
0.00185,569993.485
0.00189,491682.667
0.00172,491166.311
0.00164,543905.558
0.00159,561478.547
0.00176,523679.015
0.00159,574026.221
0.00161,523343.064
0.00159,522676.229
0.00155,538691.393
0.00157,584602.464
0.00145,663686.748
0.0015,664505.187
0.00154,620139.44
0.0015,581341.71
0.00145,618459.777
0.00151,643509.969
0.00148,639250.837
0.00135,627245.843
0.0014,656500.479
0.00163,625675.032
0.00359,603934.977
0.00611,941092.222
0.01611,28636.3322
2.59583,24652.8669
2.80224,23450.9356
2.81116,22811.9761
2.78961,20287.3764
2.93543,18806.7241
2.99183,17942.0629
3.0498,17170.6957
3.10828,16416.4611
3.16998,15746.8833
3.23617,15112.9983
3.29682,14429.5306
3.37135,14019.2035
3.40804,13285.7182
3.482,12919.1827
3.54144,12505.0268
3.62769,12166.9064
3.67862,11975.7307
3.71411,11302.2082
3.79055,11027.95
3.85093,10751.2736
3.90971,10500.779
3.98119,10024.404
4.04461,9804.88642
4.1106,9738.49839
4.15947,9319.14896
4.23694,9173.98803
4.28539,8941.07453
4.35082,8577.72396
4.42314,8607.0128
4.47185,8237.4295
4.54169,8014.47685
4.59822,7722.01087
4.6706,7659.99703
4.72317,7455.40531
4.79178,7413.36084
4.85512,7359.16035
4.91269,7317.19662
4.97217,6877.92558
5.04346,6727.65513
5.0969,6627.82032
5.16464,6498.32708
5.22801,6406.14681
5.29144,6422.57997
5.3535,6186.68207
5.40801,6138.6943
5.46956,5922.43937
5.54146,5728.8981
5.60789,5751.97416
5.65633,5794.91005
5.7257,5559.96313
5.78492,5453.90459
5.85235,5262.00544
5.90709,5175.81326
5.98224,5175.79749
6.04424,5304.58422
6.09628,5029.95637
6.16384,4933.04788
6.2236,4832.86197
6.28784,4829.08904
6.34189,4747.75204
6.4264,4660.57116
6.47846,4697.77459
6.54508,4431.49913
6.59269,4532.6518
6.6589,4388.91004
6.72843,4313.17317
6.77767,4323.29563
6.84893,4363.47781
6.918,4222.17439
6.97984,4153.68379
7.03155,4112.97675
7.09781,4080.41665
7.16875,3921.76792
7.21722,4065.47173
7.28295,3878.38064
7.35923,3830.23557
7.39952,3830.29222
7.4641,3777.9559
7.50746,3588.74754
7.523,3805.40224
7.52697,3716.06153
7.52555,3840.20087
7.52326,3744.44668
7.52086,3707.44531
7.51889,3790.53673
7.51759,3758.45625
7.51651,3870.27911
7.51598,3846.85077
7.51586,3769.68035
7.51554,456953.692
0.02814,538033.311
0.00231,534375.548
0.00213,556686.079
0.00205,548383.44
0.00193,541905.175
0.0019,543903.479
0.0018,536019.544
0.0018,524429.362
0.00164,524349.124
0.00163,549087.585
0.00162,510881.729
0.00158,539952.541
0.00157,533573.164
0.00152,529272.284
0.00155,570736.243
0.00142,681708.529
0.00151,712065.804
0.00144,657739.28
0.00141,662612.228
0.0015,620629.179
0.00142,654191.737
0.00143,640985.983
0.00142,637618.654
0.00138,635690.15
0.00142,652878.341
0.00131,659807.449
0.00134,650592.015
0.00155,639871.776
0.00338,629008.292
0.00563,859476.369
0.01235,30807.5769
1.28534,20847.2166
3.09016,17362.8517
3.24872,15962.9644
3.32736,15340.0533
3.40478,14233.7398
3.46124,13513.9924
3.52179,12860.5403
3.60001,12342.382
3.66506,11943.975
3.71289,11790.0443
3.77009,11283.261
3.83778,10974.0734
3.89185,10608.3286
3.96667,10329.4074
4.02655,10025.3828
4.09946,9854.09301
4.14007,9691.27479
4.22181,9334.5396
4.26993,9222.22849
4.33874,8966.53768
4.4026,8667.30768
4.46302,8435.98225
4.52134,8321.5354
4.58267,7993.88513
4.65156,7808.43511
4.7125,7592.98207
4.77382,7459.52286
4.84277,7319.54779
4.89472,7198.93846
4.95812,7109.48328
5.02972,7008.11256
5.08445,6728.40649
5.15083,6803.77962
5.20882,6610.99693
5.27368,6300.08068
5.33676,6211.5355
5.39335,6086.36999
5.46659,5913.91323
5.52258,5904.26605
5.59313,5815.27428
5.64079,5802.52514
5.70738,5621.88966
5.77222,5572.77391
5.83442,5369.64085
5.89324,5380.40124
5.97021,5215.16981
6.01979,5078.54845
6.0858,5174.28785
6.14806,5112.41586
6.20891,4946.69652
6.26798,4881.12877
6.33445,4846.71832
6.40306,4755.66413
6.45509,4747.65462
6.51681,4689.2311
6.56058,4540.97604
6.6195,4515.52632
6.70008,4416.67952
6.74431,4339.82035
6.8055,4361.97871
6.88175,4431.96022
6.95092,4376.34637
7.0006,4260.51016
7.05627,4248.30002
7.14965,4068.79085
7.18725,3996.40562
7.25078,3941.9927
7.33374,3933.48637
7.37597,3891.35447
7.43624,3790.87733
7.49358,3771.01244
7.52966,3838.74208
7.53596,3910.05555
7.53291,3787.60462
7.53034,3863.6272
7.52795,3648.22334
7.52574,3761.37966
7.52351,3697.99209
7.52159,3760.09833
7.51979,3666.42626
7.51809,3680.68277
7.51653,464174.679
0.00226,513469.6
0.0022,581229.456
0.00213,568385.177
0.00203,576210.028
0.0019,557103.6
0.00185,553818.162
0.00176,561247.43
0.00179,557476.103
0.00166,529543.888
0.00159,528128.965
0.00161,515416.175
0.00161,538834.416
0.00158,537224.159
0.00147,596943.461
0.00155,617056.371
0.00155,583741.77
0.00152,578616.374
0.00148,625746.457
0.00144,593289.069
0.00147,618350.136
0.00141,636941.73
0.00144,620030.343
0.00144,581855.281
0.00133,593672.172
0.00138,595170.037
0.002,589156.192
0.004,580838.321
0.00656,897856.711
0.02095,25801.3078
2.91652,21745.8664
2.8717,20695.284
2.96186,18913.4959
3.02309,17907.4758
3.09351,16935.3836
3.16014,15828.0132
3.22537,15255.2678
3.28516,14541.4593
3.35614,14172.0384
3.40247,13447.4278
3.47385,13115.4484
3.53472,12599.5221
3.60527,12291.0939
3.66449,11707.6787
3.71759,11451.2329
3.77978,10920.3677
3.84368,10678.7696
3.90216,10423.7145
3.96915,10218.6983
4.03165,9700.22602
4.10468,9740.99724
4.14711,9344.69283
4.22694,9156.58895
4.27442,8919.05296
4.34394,8684.79177
4.40717,8413.29829
4.46793,8380.23755
4.52715,7974.59876
4.58569,7861.9768
4.65675,7652.04647
4.71819,7638.24431
4.77888,7252.20067
4.85285,7151.89002
4.89524,7098.3262
4.96827,6892.05687
5.0344,6693.82631
5.09248,6719.23653
5.15859,6323.94399
5.2117,6371.25294
5.28048,6192.3279
5.33988,6221.2792
5.39938,5944.00381
5.4717,5906.89608
5.52954,5700.62677
5.59811,5752.64819
5.64769,5672.46659
5.71257,5527.93783
5.77757,5504.46944
5.83765,5371.14804
5.8984,5267.56216
5.97369,5275.9909
6.02209,5157.89689
6.09134,5072.66225
6.15316,4877.19434
6.21214,4807.65926
6.27062,4891.03791
6.34607,4658.8472
6.40352,4497.08767
6.47574,4554.03672
6.52237,4507.83783
6.57555,4579.81773
6.64793,4295.576
6.70708,4342.4212
6.76015,4239.49003
6.83051,4083.87719
6.89878,4296.89246
6.96204,4199.25974
7.01275,4141.14407
7.08738,3901.80903
7.15377,3851.35917
7.19876,3936.06448
7.28066,3781.68031
7.3371,3842.51813
7.38829,3730.38213
7.45709,3665.73026
7.5105,3828.24492
7.5382,3865.36961
7.53602,3692.03434
7.53275,3901.51162
7.53004,3603.84476
7.52753,3783.78942
7.52513,3733.81988
7.52297,3743.67988
7.52091,3668.26474
7.51909,3626.29499
7.51735,3674.47649
7.51563,3636.22763
7.51409,3571.3162
7.51269,472870.68
0.06072,512522.656
0.00239,569044.184
0.00225,554091.84
0.00203,585284.554
0.00217,537292.606
0.00193,539785.737
0.00172,559284.444
0.00182,541360.444
0.00169,526678.665
0.00169,493844.525
0.00166,480379.586
0.00166,501900.137
0.00161,500347.191
0.00169,541694.174
0.00164,562410.392
0.00157,573565.978
0.00159,572006.663
0.00164,584145.197
0.00149,593208.497
0.00152,573238.203
0.00148,563607.492
0.00148,584995.064
0.00154,610308.305
0.00157,619766.1
0.00154,617712.214
0.0019,625784.704
0.00391,612673.056
0.00638,935300.264
0.01794,22884.4005
2.97125,20357.3941
3.04723,18430.6011
3.13622,16852.7008
3.21697,16057.706
3.27297,15232.6825
3.348,14479.7913
3.40271,14017.1395
3.46961,13414.5755
3.53364,12737.2241
3.60226,12463.4615
3.65775,12066.8003
3.71146,11714.2938
3.76816,11336.1332
3.83532,11035.8711
3.89047,10606.0241
3.96123,10366.0252
4.0214,10024.3967
4.09684,9817.53867
4.13816,9484.05586
4.218,9361.61991
4.26334,9099.51595
4.33198,8730.55659
4.40015,8719.42776
4.45772,8362.90976
4.51845,8287.6894
4.57621,7952.05647
4.64873,7913.32848
4.70629,7633.94528
4.77093,7467.705
4.83818,7301.95712
4.88891,7278.88223
4.95365,6915.66892
5.02493,6796.42784
5.08248,6807.99504
5.1438,6578.3871
5.20758,6617.02842
5.27082,6247.68003
5.33529,6203.68456
5.39014,6029.46155
5.45937,5848.29511
5.52434,5952.44367
5.58673,5756.99121
5.63888,5626.10814
5.69854,5543.32006
5.76928,5458.29117
5.82732,5444.37715
5.88881,5371.09802
5.96194,5214.23914
6.01969,5161.12048
6.07981,5033.09914
6.14437,4918.43592
6.20364,4931.9726
6.26832,4650.32716
6.32248,4653.96888
6.40963,4554.47523
6.46403,4602.71483
6.52589,4516.38367
6.5728,4560.19133
6.63942,4448.6424
6.71089,4369.2546
6.75859,4491.1839
6.8282,4246.72769
6.90002,4198.06196
6.96069,4072.69529
7.01302,4121.80941
7.07842,4017.43477
7.15433,4036.28002
7.1961,3963.9041
7.26792,3839.54017
7.33821,3825.68379
7.38762,3720.95919
7.45641,3865.35416
7.50168,3719.80028
7.5263,3657.1513
7.52716,3629.32183
7.5243,3654.60088
7.5217,3835.23798
7.51918,3594.48082
7.51702,3504.39498
7.51484,3708.88567
7.51295,3563.30924
7.5113,3670.69012
7.50959,3754.70956
7.5081,484155.066
2.09926,502484.879
0.00253,548529.62
0.00224,561580.005
0.00218,527830.578
0.00208,495297.688
0.00198,534957.667
0.00193,529493.254
0.00185,516070.843
0.00186,533059.21
0.00177,511531.818
0.00179,483934.027
0.00176,491801.448
0.0017,488571.303
0.0017,539709.768
0.00172,583908.249
0.00171,566269.946
0.0015,566893.724
0.00152,562416.526
0.00161,581975.05
0.00156,599541.126
0.00142,577478.474
0.00159,566079.911
0.00182,581680.754
0.00396,687203.201
0.00686,223050.861
0.05689,30170.1805
2.77481,24242.4251
2.80098,19981.4177
3.0275,19589.9428
3.00609,17919.5516
3.11604,16899.087
3.17817,16050.6928
3.23538,15363.8704
3.30168,14682.5746
3.36961,14130.8101
3.42951,13663.4637
3.49342,13114.2003
3.56233,12501.6695
3.6362,12269.6382
3.67632,11950.5445
3.74087,11406.8353
3.80511,11141.6648
3.86237,10702.5137
3.93549,10375.2497
3.99336,10039.4848
4.05119,9892.00048
4.12036,9576.67604
4.16877,9306.01245
4.24098,8981.80428
4.29155,8889.70459
4.3608,8783.39315
4.4228,8538.31157
4.48563,8276.18522
4.54485,8111.43434
4.60112,7985.63281
4.67324,7936.21073
4.73258,7629.53109
4.80042,7388.2942
4.86138,7337.19514
4.91566,7169.69246
4.98127,6792.26925
5.04959,6821.77327
5.10798,6613.52782
5.1738,6465.40114
5.23161,6337.511
5.29757,6213.59491
5.35744,6213.32906
5.41596,6008.36643
5.48741,6062.44141
5.55114,5675.71476
5.61153,5870.66766
5.66605,5597.25884
5.72594,5560.5078
5.79715,5387.40906
5.85353,5377.96543
5.91472,5279.15532
5.99085,5248.90327
6.04159,5157.94877
6.1073,5102.81988
6.17074,4993.38057
6.22932,4772.08468
6.29073,4779.40999
6.35542,4766.72361
6.42874,4673.44069
6.49047,4586.6623
6.54712,4621.95403
6.60063,4494.4669
6.67049,4400.49585
6.73081,4538.64334
6.786,4199.22468
6.85524,4157.21473
6.9241,4236.33007
6.9836,4105.13605
7.03783,4043.91848
7.11182,4037.33072
7.17364,3964.88749
7.22455,4037.26751
7.30194,3768.05551
7.35699,3774.82377
7.41375,3849.73505
7.48189,3832.08682
7.5141,3749.41706
7.52647,3716.88963
7.52495,3798.51277
7.52201,3821.69928
7.51944,3771.50131
7.5175,3687.99238
7.51587,3817.10804
7.51435,3721.51839
7.51319,3696.18812
7.51205,3666.4754
7.51097,3615.86407
7.51013,488365.589
0.06453,492442.567
0.00237,549506.412
0.00237,562031.859
0.00219,495189.816
0.00205,493646.891
0.00204,551134.028
0.00191,546888.663
0.00184,549645.364
0.00183,552651.39
0.00179,535399.563
0.00171,507986.229
0.00179,521947.053
0.0017,521030.609
0.00169,558756.63
0.00171,583672.145
0.00166,577098.321
0.00171,585400.3
0.00164,582762.842
0.00159,591219.053
0.0015,611629.149
0.00152,588424.099
0.00164,552163.515
0.00151,548411.367
0.00152,564701.259
0.00267,556200.921
0.00475,698053.851
0.00909,60709.4575
0.49255,28168.9593
2.67858,23728.6702
2.77614,21570.7095
2.84141,20206.3101
2.90189,18744.0511
2.96689,17850.9151
3.02232,16995.8702
3.08625,16116.8692
3.15082,15605.2712
3.21642,15099.3111
3.27364,14177.1682
3.34738,13852.7944
3.39719,13272.8889
3.46642,12855.7033
3.52605,12259.9192
3.59292,11797.3879
3.66781,11488.0301
3.70824,11071.081
3.76988,10929.8207
3.83738,10613.2477
3.89296,10273.3151
3.96664,9860.05617
4.02593,9716.94011
4.09301,9540.51769
4.1438,9238.44803
4.22374,9028.55412
4.26609,8861.13588
4.33166,8645.68306
4.40012,8352.28632
4.45308,8255.93163
4.521,7953.22514
4.57787,7674.92416
4.64111,7640.08641
4.70192,7233.25458
4.76402,7365.10998
4.82555,7118.56601
4.89629,6975.68541
4.94185,6897.56076
5.00725,6732.45687
5.0781,6585.31689
5.13989,6401.06436
5.21026,6304.26693
5.26513,6079.56962
5.33441,6131.09244
5.39352,6056.12135
5.44683,5968.54927
5.51857,5702.54866
5.5817,5746.70406
5.64719,5541.66607
5.69702,5454.7198
5.75936,5352.8358
5.8294,5493.71725
5.88878,5129.64631
5.94704,5011.22504
6.0222,4905.37863
6.06948,4990.51349
6.14136,4709.40723
6.2015,4859.41087
6.25883,4784.49795
6.32028,4691.86212
6.39223,4703.45151
6.46067,4606.72568
6.52336,4529.82908
6.57869,4465.09493
6.63296,4316.31808
6.70635,4453.42836
6.76066,4295.14264
6.81686,4256.86492
6.88673,4169.11725
6.95754,3962.13129
7.01707,4039.26682
7.06918,3958.09611
7.14618,3786.18821
7.20533,3859.93976
7.25809,3758.14225
7.33892,3896.63023
7.38711,3832.5807
7.44804,3647.26664
7.5094,3590.00198
7.51887,3725.61413
7.51834,3670.32253
7.51638,3733.29089
7.51395,3629.76984
7.51182,3767.14338
7.5099,3671.66932
7.50829,3703.12467
7.50703,3604.52106
7.50591,3720.45956
7.50566,3716.04948
7.50522,3558.17523
7.50482,487032.196
2.22771,484570.827
0.00258,561831.721
0.00223,589799.882
0.00215,544039.928
0.0021,488773.338
0.00207,520929.554
0.00201,525998.678
0.00186,564948.634
0.00182,558495.187
0.00176,552169.364
0.00176,536930.523
0.00178,536336.934
0.00176,543361.475
0.00168,563119.497
0.00169,551892.036
0.0017,582355.06
0.00175,571847.697
0.00172,556461.219
0.00163,563344.968
0.00158,592650.65
0.00152,587986.901
0.00154,590360.394
0.00154,560766.267
0.00164,557726.442
0.00157,568790.155
0.00191,572996.363
0.00371,666242.874
0.0063,719206.607
0.01741,25260.7363
2.96607,20441.8936
3.2008,18648.862
3.08823,16836.5106
3.20576,15841.4938
3.26376,14982.2275
3.33724,14424.2166
3.39175,13839.5537
3.45905,13201.2078
3.51918,12960.9013
3.58583,12427.1185
3.65212,11903.0374
3.70852,11503.6995
3.76585,11192.2889
3.82909,10880.9501
3.88866,10442.8612
3.95626,10172.2058
4.02222,9940.14222
4.08796,9630.95767
4.13078,9409.05078
4.21017,9165.84597
4.26195,8873.20883
4.32562,8678.03141
4.39431,8431.55045
4.44967,8228.38315
4.51473,7979.71655
4.57431,7738.37443
4.64099,7731.04716
4.69418,7557.05893
4.76253,7353.41225
4.82219,7103.55033
4.88774,7117.48758
4.93935,6916.44345
4.99468,6658.35532
5.07401,6528.79977
5.13384,6383.41798
5.20568,6344.08099
5.26171,6230.7916
5.33046,6025.42593
5.40509,6114.17978
5.43401,5777.61047
5.50353,5794.42456
5.57133,5668.7553
5.63178,5691.06796
5.68335,5545.08085
5.74669,5533.16144
5.81595,5263.14791
5.87543,5243.58288
5.94061,5201.54158
6.00463,4920.69026
6.05805,4951.5279
6.12378,4846.37082
6.18902,4718.7507
6.25228,4763.12787
6.30875,4666.14114
6.38665,4666.564
6.44208,4660.98751
6.51305,4536.20407
6.56181,4408.93495
6.62355,4352.94865
6.69678,4252.3622
6.74694,4252.58388
6.80885,4305.35283
6.87643,4140.20363
6.94937,4256.18434
7.00165,4165.48934
7.06069,4017.58747
7.14072,3910.93153
7.18881,3935.19101
7.24961,3839.29489
7.32687,4044.91842
7.37645,3881.58065
7.43589,3768.00147
7.49855,3836.1375
7.51789,3750.35023
7.52371,3683.64171
7.52361,3674.08167
7.52105,3777.40669
7.51895,3575.71488
7.51752,3605.43191
7.51628,3747.97683
7.51513,3583.62421
7.51406,3607.57722
7.51329,3623.00616
7.51243,518074.503
5.5526,464084.426
0.0026,562057.888
0.00242,608283.417
0.00228,578997.747
0.00218,523653.225
0.00215,485494.453
0.00206,540755.031
0.002,575915.077
0.0019,553763.732
0.00189,542240.24
0.00182,558445.785
0.00186,525050.094
0.00177,611221.425
0.00183,532012.48
0.00168,593820.361
0.00173,603598.861
0.00166,588698.593
0.00163,615023.958
0.00157,598183.394
0.00164,623254.356
0.00159,638413.763
0.00159,602110.547
0.00164,607037.089
0.00166,559333.431
0.00163,568369.338
0.00161,587372.912
0.00279,580103.253
0.00483,664190.707
0.0088,92218.1236
0.34055,19829.9328
2.87262,20332.2474
3.03016,17652.2538
3.1069,16434.929
3.21756,15533.4163
3.27373,14726.6459
3.34681,14095.2584
3.40362,13559.5815
3.46728,13101.7156
3.53311,12762.591
3.60311,12171.1317
3.65235,11829.2023
3.71084,11323.907
3.76929,11153.2138
3.83354,10739.483
3.89365,10359.2397
3.95877,10004.7491
4.02129,9754.01687
4.09439,9524.32597
4.1395,9214.52608
4.21347,8891.78056
4.26748,8717.05936
4.32935,8443.00014
4.39964,8362.03045
4.45773,8150.73183
4.5193,7904.18271
4.5796,7667.1307
4.6455,7404.34706
4.70617,7318.68257
4.77087,7212.45763
4.8338,7112.09208
4.89127,7027.67363
4.94486,6867.48
5.00304,6509.46695
5.08422,6454.93106
5.14258,6317.02481
5.20817,6237.10847
5.27284,6095.63271
5.33469,6031.09418
5.41524,5986.75513
5.44362,5765.16872
5.50466,5767.19517
5.57953,5576.23714
5.63336,5551.92511
5.69022,5486.52451
5.75176,5231.35196
5.8165,5157.37577
5.87936,5241.33033
5.94456,5116.30528
6.00858,4872.78301
6.06233,4956.29695
6.13107,4749.38646
6.19277,4653.54849
6.25746,4614.16707
6.3122,4539.0389
6.3962,4363.63464
6.45632,4436.85264
6.51746,4396.5559
6.56539,4286.56505
6.62681,4239.70535
6.70259,4342.41736
6.75259,4111.75726
6.81129,4179.45382
6.88467,4233.77329
6.95706,3964.97784
7.00529,3960.18053
7.06257,3869.1871
7.14839,3951.72009
7.19161,3876.3231
7.25647,3842.75068
7.3352,3782.09379
7.38112,3720.03012
7.44045,3644.9089
7.49846,3604.74491
7.52116,3743.78187
7.5243,3524.13661
7.52372,3650.95504
7.52194,3658.95874
7.51986,3515.51208
7.5179,3585.83737
7.51633,3679.40418
7.51483,3630.12532
7.51359,3557.6881
7.51228,496135.477
5.30958,461723.416
0.00245,543039.988
0.00233,584774.423
0.00211,559585.784
0.00212,519452.667
0.00196,481643.328
0.002,511969.88
0.00182,554799.073
0.00178,568433.697
0.00175,539162.298
0.00169,562554.16
0.00166,521214.965
0.00166,574930.504
0.00164,542581.99
0.00169,571299.949
0.00159,583852.924
0.00163,578778.073
0.00152,600433.176
0.00161,602118.817
0.00157,605067.231
0.00158,611588.306
0.00145,623569.725
0.00149,663146.019
0.00154,615159.053
0.00145,636179.995
0.00154,611194.972
0.00144,622085.854
0.00164,627936.337
0.00337,635394.184
0.00549,851769.942
0.01158,30294.2751
1.01202,20174.4054
2.9857,18474.4024
3.14834,16667.3264
3.23114,15764.2505
3.28658,14813.0413
3.3615,14212.8077
3.41768,13555.6221
3.48234,13007.2122
3.55001,12622.8483
3.62002,12395.2308
3.66739,11667.1877
3.72978,11299.7599
3.79372,10885.8476
3.85301,10630.2836
3.92424,10312.1236
3.97985,9845.94273
4.04367,9753.45405
4.10771,9484.81578
4.17546,9174.49672
4.22898,9098.83958
4.29623,8615.18382
4.36199,8464.49271
4.41496,8222.99738
4.48418,8130.60136
4.54106,7855.27944
4.60891,7674.92062
4.66566,7609.57996
4.72812,7442.40016
4.79111,7067.80054
4.85768,7132.57802
4.90596,6826.5074
4.96383,6539.17763
5.04697,6531.13028
5.10296,6530.08299
5.17317,6292.3012
5.22866,6281.88306
5.29952,5907.53522
5.36328,6019.58413
5.41028,5813.68018
5.45779,5686.56376
5.52788,5502.22689
5.59444,5617.61443
5.64129,5466.70858
5.70565,5405.54172
5.77144,5274.59294
5.83513,5155.40759
5.89371,5126.34575
5.96421,5026.99828
6.02109,4793.30353
6.08564,4815.1758
6.14646,4640.89897
6.20758,4712.06774
6.2725,4728.94244
6.32771,4482.21244
6.41269,4476.17115
6.47554,4437.14267
6.52946,4333.828
6.57873,4291.0212
6.64559,4269.18244
6.71421,4274.34285
6.76507,4150.46088
6.83038,4072.09658
6.90467,3980.35065
6.96932,3901.43572
7.01859,4034.38979
7.08409,4061.9413
7.1605,3962.00102
7.20351,3826.81438
7.27972,3845.78739
7.34497,3801.28543
7.39428,3812.39882
7.46161,3564.32899
7.50371,3724.03121
7.52209,3496.47928
7.52486,3532.20833
7.52405,3663.73886
7.5221,3615.5841
7.52003,3710.25353
7.51803,3527.5979
7.51684,3539.83548
7.51555,3568.42053
7.51441,3653.27849
7.51341,3639.19547
7.51234,3631.44462
7.51128,3508.18004
7.51022,3540.11706
7.5092,390879.324
7.25492,488884.027
0.00241,501008.499
0.00234,537988.892
0.00218,583184.75
0.00219,508304.981
0.002,469630.882
0.00199,495880.031
0.00201,535010.559
0.00189,529272.12
0.00183,551965.794
0.00173,565288.374
0.0017,580744.146
0.00184,549912.623
0.00162,548989.772
0.00161,579125.696
0.00164,601914.507
0.00163,583366.135
0.00158,574853.419
0.00166,579540.588
0.00163,576735.507
0.00166,560265.709
0.00151,562573.412
0.00158,530333.911
0.00157,585874.037
0.00163,596200.328
0.00157,594940.884
0.00157,586566.051
0.00157,581234.85
0.00246,565465.559
0.00431,620275.39
0.00711,546172.237
0.02751,21741.6275
3.27121,17799.7299
3.2342,15733.2891
3.33255,14865.0374
3.39717,13970.8052
3.4651,13556.6579
3.52811,12935.8768
3.59647,12627.8905
3.6506,12054.9347
3.71303,11602.024
3.77714,11390.8361
3.83703,10866.9497
3.9016,10502.4504
3.95926,10090.2192
4.02353,9986.61567
4.09291,9744.94362
4.14646,9551.2488
4.20613,9033.69209
4.26743,9024.52231
4.33172,8686.92409
4.39453,8475.05518
4.45722,8293.3483
4.51608,8062.26312
4.57959,7803.17338
4.64244,7665.79207
4.7064,7515.12202
4.76871,7277.83287
4.83241,7199.15971
4.88956,6930.15437
4.94396,6793.18769
5.01903,6696.45992
5.07987,6471.64295
5.1463,6443.07172
5.20339,6403.86531
5.26879,6089.24319
5.34307,6152.63136
5.39206,5899.11696
5.44808,5658.88785
5.51111,5729.80249
5.57799,5661.9095
5.62983,5537.87196
5.6917,5481.11853
5.75949,5344.94169
5.81883,5394.81987
5.87953,5167.08351
5.94947,5136.23605
6.00709,5045.7696
6.07216,5057.20667
6.13337,4827.96286
6.19354,4827.15761
6.25845,4515.26313
6.31485,4543.43382
6.39334,4630.63727
6.4557,4542.68532
6.51344,4441.9423
6.56618,4537.64649
6.63649,4272.13511
6.69498,4316.79543
6.75188,4083.35622
6.81864,4039.9147
6.88989,4200.80147
6.94812,4000.83495
7.00407,4159.25885
7.07858,3993.16083
7.13621,3967.38949
7.19144,3937.3971
7.26919,3794.14625
7.32314,3893.68288
7.37979,3776.82387
7.44786,3716.60603
7.5027,3718.91957
7.52969,3679.68468
7.52623,3715.07997
7.52284,3689.65808
7.52002,3624.9649
7.51758,3677.196
7.51539,3647.86894
7.5133,3659.59428
7.51147,3716.70229
7.50977,3616.16101
7.50803,3645.76076
7.50649,4021.6114
7.50311,456433.475
0.00245,494405.71
0.0023,581140.953
0.00235,583696.555
0.00208,494260.373
0.00198,479214.685
0.00198,524362.339
0.00183,508102.074
0.00182,523517.132
0.00183,547857.015
0.00182,548307.214
0.00177,584121.843
0.00187,553043.575
0.00172,574327.371
0.00156,577523.434
0.00163,598525.851
0.00164,576772.941
0.00165,581138.021
0.00156,582971.211
0.00165,561027.825
0.00156,561125.772
0.00158,550657.144
0.00159,561535.508
0.00149,591848.946
0.00151,627396.137
0.00147,618136.444
0.00311,608232.736
0.00521,673434.536
0.01048,41598.7867
0.7919,19729.3712
2.90887,18854.2969
3.10793,16874.9128
3.16167,15811.8944
3.2392,15059.7145
3.31088,14317.5249
3.36745,13678.5691
3.43727,13162.6793
3.50003,12596.4736
3.56883,12179.4556
3.62608,11899.0364
3.68343,11554.3141
3.744,11047.1411
3.80809,10763.1856
3.86844,10366.2852
3.93094,10100.442
3.99665,9660.27274
4.06639,9413.68959
4.11463,9158.61567
4.18391,8989.71729
4.24325,8634.86371
4.30481,8571.22417
4.37055,8317.70358
4.4321,8079.78775
4.49265,7862.28505
4.55436,7594.17101
4.61972,7479.54293
4.68211,7411.71377
4.74439,7097.21942
4.80814,6974.83431
4.86704,6900.13383
4.92081,6673.54966
4.98747,6599.93803
5.05363,6429.25194
5.11988,6332.41652
5.1792,6270.42619
5.24681,5979.30159
5.30636,5787.61239
5.38502,5744.91107
5.40798,5691.75633
5.48818,5694.58527
5.55244,5643.25156
5.60681,5434.10492
5.66792,5329.94683
5.73466,5248.86844
5.79407,5139.34119
5.85484,5079.05021
5.92495,4904.76817
5.98191,4955.24977
6.04646,4929.47268
6.11005,4764.60287
6.16893,4759.9835
6.23427,4725.05131
6.28955,4599.95564
6.3732,4597.80871
6.43,4414.89712
6.49059,4490.79231
6.54157,4296.63431
6.60758,4276.61105
6.67715,4315.30777
6.7265,4351.82636
6.79303,4233.60089
6.865,4237.13393
6.92738,4079.79889
6.98124,3865.07774
7.04365,3895.48585
7.11741,4035.7964
7.16504,3905.04244
7.23775,3813.36724
7.3029,3758.46442
7.35613,3726.61808
7.42249,3621.46724
7.47681,3618.97605
7.52828,3644.061
7.52627,3614.75679
7.52294,3593.49411
7.51996,3598.75984
7.51758,3759.38182
7.51525,3747.29184
7.51343,3612.59741
7.51151,3673.17606
7.50998,3604.04015
7.50838,3717.62828
7.50699,523310.506
6.89577,513240.48
0.00245,557223.923
0.0023,588208.941
0.00221,557314.793
0.00206,487942.81
0.002,481313.719
0.00194,531076.428
0.00187,497230.2
0.00189,521364.553
0.00191,522678.747
0.00176,564944.093
0.00175,615196.301
0.00172,585347.686
0.00171,618439.978
0.00162,596294.481
0.00169,641766.576
0.00164,627200.555
0.00158,612230.605
0.00159,573179.581
0.00152,564288.869
0.00152,586560.041
0.00156,582055.047
0.00149,566829.358
0.00152,577088.954
0.00151,591335.405
0.00163,595543.72
0.00347,610960.224
0.00584,767970.572
0.01443,26972.5385
2.17108,25571.7834
2.73204,21512.9409
2.871,19797.0396
2.91833,18848.6937
2.97378,17576.2521
3.03835,16612.0129
3.10127,15820.0725
3.16627,15181.8263
3.2238,14388.7408
3.29314,14015.6353
3.34867,13503.4753
3.41481,13111.7322
3.47991,12622.7202
3.54457,12124.4499
3.60282,11888.9174
3.66471,11278.5774
3.72294,11027.3393
3.78805,10698.2231
3.84688,10315.3575
3.91213,10161.2194
3.98037,9748.79591
4.04265,9608.03131
4.09195,9312.8777
4.1625,8885.16921
4.21991,8900.42996
4.2826,8458.9242
4.34833,8287.17135
4.40617,8173.05162
4.47196,7945.99872
4.5316,7612.23022
4.59841,7485.81381
4.65405,7376.56447
4.71838,7059.34958
4.7836,7161.73209
4.84292,6841.52697
4.89903,6616.10721
4.96278,6472.59982
5.02753,6417.80219
5.09468,6320.69743
5.1539,6098.05066
5.2228,6173.13108
5.28247,6071.94492
5.35894,5869.62969
5.39148,5836.77395
5.46402,5690.25103
5.52642,5523.19121
5.58187,5433.47425
5.64354,5479.15928
5.71277,5396.86328
5.76861,5141.63372
5.83084,5301.07212
5.90254,5118.2755
5.95782,4902.20057
6.02463,5002.54266
6.08424,4837.97611
6.14566,4644.66129
6.20846,4731.40696
6.26601,4492.12883
6.34435,4460.97658
6.41167,4471.08968
6.46269,4347.11333
6.51553,4432.79388
6.58738,4320.88113
6.64663,4272.27918
6.70299,4190.89102
6.77111,4222.93984
6.8406,4106.55329
6.89905,4136.39619
6.95504,3942.16365
7.03084,3849.32661
7.08706,3868.78164
7.14388,3760.76924
7.2199,3712.92029
7.2716,3728.87378
7.33139,3783.31055
7.39634,3752.31561
7.45936,3423.0835
7.51242,3636.52225
7.52441,3726.77435
7.52421,3688.99995
7.52184,3489.70166
7.51925,3535.68983
7.51727,3545.89339
7.51538,3703.44333
7.51372,3508.60089
7.51252,3615.91915
7.51143,3671.97101
7.51044,3683.33062
7.50938,3623.29103
7.50855,487193.162
0.00247,476214.487
0.00227,581632.665
0.00212,590119.819
0.00212,548630.149
0.002,492436.882
0.0019,479511
0.0019,520016.805
0.00182,525352.351
0.00177,544126.237
0.00172,544304.4
0.00168,580047.355
0.00164,590846.004
0.00171,567853.209
0.00154,577579
0.00158,623441.2
0.00161,664712.905
0.00156,631517.557
0.00158,613810.482
0.00149,596528.369
0.00148,579226.231
0.00154,585636.665
0.00156,569519.381
0.0015,584198.865
0.00149,572166.546
0.00151,570858.774
0.00312,600912.692
0.00527,737876.689
0.01185,22989.0766
1.29908,18216.5649
3.04736,17724.8501
3.17074,15765.0807
3.25969,15035.7769
3.32962,13950.3952
3.39313,13480.4389
3.44806,13192.9701
3.51762,12386.2662
3.58679,12063.7671
3.63416,11884.3204
3.69084,11349.6778
3.75893,10997.5058
3.81528,10434.816
3.89048,10280.2166
3.94732,9893.33884
4.0087,9541.76092
4.06753,9400.6123
4.14026,9236.42425
4.19356,8856.35119
4.25858,8790.88027
4.32583,8442.32143
4.38144,8236.49639
4.44956,8039.23733
4.50652,7644.09212
4.57516,7617.2903
4.62836,7339.60204
4.69195,7150.83265
4.7577,6964.81847
4.81813,6806.29424
4.86866,6756.0771
4.93624,6768.15637
5.00139,6376.50381
5.06743,6460.92503
5.13275,6193.68671
5.19598,6129.68668
5.26243,5980.19027
5.31284,5989.01641
5.38095,5772.43739
5.44448,5682.87164
5.50957,5467.35289
5.56314,5464.84438
5.6255,5328.46474
5.69465,5213.82219
5.75099,5341.52645
5.81427,5130.53504
5.88263,5044.65185
5.94154,5104.94376
6.00561,4921.15934
6.0669,4817.41534
6.12836,4707.75299
6.18861,4649.7306
6.25207,4602.8745
6.32075,4597.25308
6.38447,4464.7385
6.43994,4455.5512
6.48991,4481.44377
6.55797,4259.7485
6.62409,4319.48125
6.675,4172.07065
6.74542,4083.08788
6.81441,4109.32261
6.87418,4117.67417
6.92853,4014.34258
7.00367,3898.50623
7.06268,3917.89325
7.11585,3898.41651
7.19384,3685.04523
7.2469,3876.5714
7.30603,3782.24949
7.3713,3693.4047
7.43864,3703.66491
7.48936,3534.40399
7.51973,3553.94347
7.5239,3637.17316
7.52378,3552.84098
7.52173,3533.65613
7.51968,3584.73013
7.51816,3624.3404
7.5166,3560.81337
7.5152,3612.38738
7.51392,3517.02297
7.51245,3588.10582
7.51142,3462.31367
7.51029,3546.78673
7.50928,464065.1
0.00234,476534.047
0.00233,611963.386
0.00221,550482.425
0.00207,576226.212
0.00194,510582.016
0.00191,537812.334
0.00187,548220.125
0.00183,515269.35
0.0018,558154.123
0.00178,525254.155
0.00166,560144.855
0.00165,550237.799
0.00159,542627.622
0.00159,559585.699
0.00154,619277.884
0.00159,640395.299
0.00161,600731.977
0.00155,600411.577
0.0015,614572.323
0.0014,589223.513
0.00148,598544.103
0.00152,575453.643
0.00142,589691.416
0.00144,583513.364
0.00143,569783.058
0.00279,564051.037
0.00471,624519.218
0.00911,89954.3413
0.42981,24615.0449
2.86547,20518.2205
2.98418,18017.9305
3.04739,17059.248
3.11255,16244.1306
3.17923,15190.7938
3.23135,14608.4722
3.30934,13912.4496
3.35854,13360.8302
3.42647,12810.0131
3.49764,12281.3231
3.5686,12185.5532
3.61216,11681.2822
3.6713,11380.5203
3.72903,10910.4231
3.79374,10646.7227
3.85543,10309.4898
3.91964,10103.8018
3.98142,9540.01642
4.05523,9403.24401
4.10291,9178.30058
4.17197,8820.56786
4.22866,8731.77332
4.29609,8503.29864
4.35622,8203.93095
4.41673,7913.87389
4.48124,7827.73701
4.53672,7520.32256
4.60783,7504.12525
4.66343,7213.88817
4.72829,7032.45567
4.79605,7063.17961
4.84469,6814.87762
4.90605,6853.29332
4.98129,6425.15438
5.04109,6279.33627
5.11077,6246.58522
5.16906,5989.26464
5.23972,5816.17867
5.2905,5848.15521
5.34582,5856.94202
5.4203,5549.04626
5.48488,5527.12617
5.5412,5400.05712
5.59479,5242.09418
5.66628,5192.34426
5.72447,5363.4429
5.78738,5007.66683
5.85585,5098.88807
5.91516,4987.24331
5.97373,4966.17016
6.04197,4797.74376
6.0989,4795.01922
6.16682,4593.96744
6.21689,4674.52854
6.30672,4595.76024
6.36433,4469.70739
6.42111,4437.0352
6.47079,4489.27573
6.53759,4375.53483
6.60815,4169.49102
6.65699,4060.45456
6.72487,4045.38787
6.79774,4128.83554
6.8558,4062.16361
6.91065,3913.50514
6.97777,3848.15723
7.04743,3905.75665
7.0956,3717.53145
7.17104,3670.22602
7.23094,3606.86206
7.28597,3729.6603
7.35282,3616.55767
7.40818,3563.62956
7.47482,3700.79583
7.51535,3738.26098
7.52427,3639.10565
7.52319,3681.16655
7.52063,3647.58201
7.51831,3488.13489
7.51667,3547.49715
7.51515,3614.75142
7.5135,3464.91611
7.51218,3478.96943
7.51083,3454.51987
7.50949,3570.76614
7.50827,3674.83752
7.50731,3564.07117
7.50621,3596.5657
7.50454,467704.996
0.0024,476697.554
0.00228,616703.165
0.00213,578075.709
0.00205,576561.902
0.00197,513057.989
0.0019,499206.599
0.00186,522936.3
0.00189,493591.209
0.00176,533173.51
0.00176,536717.35
0.00169,556348.276
0.00166,584255.061
0.00161,546962.957
0.00161,556266.742
0.00145,586330.364
0.0015,650487.695
0.00154,627383.806
0.00161,609285.902
0.00158,573296.015
0.00154,618253.009
0.00148,572697.892
0.00154,573147.526
0.00145,562504.506
0.00151,575525.423
0.00157,582305.738
0.00321,595515.05
0.00552,707783.11
0.0126,24362.3188
1.62727,25177.4666
2.77631,20828.1066
2.91411,18572.9781
2.98621,17555.0556
3.05189,16625.1694
3.11754,15706.5033
3.1818,15071.7387
3.23566,14057.6636
3.31299,13535.8805
3.36258,13086.2134
3.43012,12496.0797
3.49925,12146.4639
3.56693,11781.5474
3.6204,11460.1311
3.67322,11026.0356
3.73207,10777.972
3.79617,10390.3904
3.85481,9928.57728
3.92328,9790.65559
3.9857,9349.47206
4.05627,9308.26399
4.10411,9054.31501
4.17578,8792.43155
4.23056,8512.42297
4.29582,8264.06471
4.3605,8193.0027
4.41794,7897.29082
4.48499,7727.9766
4.5382,7405.1079
4.6128,7426.03072
4.6669,7104.62638
4.73208,7097.12131
4.7985,6799.74048
4.85203,6734.03217
4.90712,6548.19818
4.98494,6309.40352
5.04318,6220.5637
5.1132,6100.97102
5.16885,6092.93947
5.23904,5972.72616
5.29836,5869.87544
5.36059,5715.83375
5.41848,5501.88881
5.48209,5522.80853
5.55114,5461.14125
5.60103,5176.84914
5.66089,5333.81332
5.73248,5062.32234
5.78995,5166.06213
5.85496,4991.44993
5.9232,4836.09955
5.97223,4779.4741
6.04515,4669.2312
6.10233,4483.80748
6.17055,4628.69588
6.22151,4540.76733
6.30769,4545.43815
6.36356,4441.36689
6.42672,4340.93164
6.47505,4309.21052
6.5393,4299.69344
6.61367,4196.74075
6.65936,4189.03179
6.72353,4048.15735
6.79729,4052.9117
6.86401,3899.04337
6.9164,4098.26241
6.97417,3992.001
7.05572,3887.74914
7.10048,3760.97775
7.16788,3625.93597
7.24078,3587.05498
7.28968,3726.79327
7.35342,3717.03348
7.4106,3541.91455
7.48466,3474.53826
7.51968,3638.3099
7.52549,3631.26254
7.52297,3586.19898
7.52015,3495.01439
7.51783,3639.17994
7.51581,3550.40706
7.51405,3484.46323
7.51248,3601.67603
7.51082,3514.45677
7.50943,3425.65257
7.50832,3632.25009
7.50691,3555.34022
7.50585,535276.594
4.46971,521174.353
0.00227,503840.522
0.00219,570231.278
0.00203,568331.272
0.00196,572408.072
0.00187,495015.842
0.00191,516178.594
0.0018,566048.173
0.00171,501142.191
0.00169,505453.294
0.00163,535962.082
0.00161,528099.028
0.00159,561362.094
0.00161,530873.19
0.00157,533647.698
0.00155,570257.381
0.00148,660490.061
0.00145,648725.236
0.00156,654762.042
0.00144,598331.211
0.00143,587805.216
0.00143,613670.836
0.00147,601081.192
0.00135,603557.757
0.00138,599959.004
0.00134,608579.997
0.00207,628541.773
0.00391,614077.481
0.0066,685409.074
0.02238,28791.734
2.67114,26889.9161
2.61741,22461.8388
2.81508,21801.6347
2.7922,19517.3894
2.88938,18345.3644
2.94006,17432.1902
3.00901,16540.0267
3.07067,15709.4966
3.13465,14929.2567
3.19277,14274.9372
3.25905,13863.9908
3.31726,13239.4283
3.38669,12926.7159
3.44408,12439.3745
3.51469,11817.8245
3.5867,11720.0288
3.62987,11372.0922
3.69205,11022.5596
3.75737,10504.7193
3.81409,10202.974
3.88702,9918.49664
3.9449,9736.00209
4.00566,9426.02728
4.0674,9114.8762
4.13683,8841.0125
4.1924,8898.97169
4.25915,8458.9962
4.32246,8221.82228
4.37845,7966.55278
4.44741,7784.74714
4.50385,7706.08094
4.57333,7495.02373
4.62664,7345.91495
4.6913,7044.85211
4.75313,6973.92144
4.81877,6864.11719
4.87108,6834.25945
4.93228,6532.23417
5.00067,6410.23921
5.06547,6283.63238
5.12788,6089.64894
5.19493,6154.28368
5.25954,5737.0651
5.32136,5842.95195
5.37866,5629.1257
5.44367,5660.31221
5.50657,5398.73044
5.56324,5370.5236
5.62263,5406.43127
5.6958,5300.26853
5.74901,5164.25444
5.81275,5129.43458
5.88429,4886.02331
5.93866,4794.41764
6.00504,4843.09504
6.06452,4741.05375
6.12691,4645.27721
6.18884,4574.78516
6.25074,4510.03068
6.31756,4446.30841
6.38412,4356.39044
6.43872,4313.41749
6.48491,4253.36762
6.56072,4218.88065
6.62292,4203.77132
6.67353,4131.11216
6.74521,4128.63094
6.81386,4097.1375
6.87494,4003.02092
6.92647,3929.08606
6.99724,3825.23243
7.06355,3971.67284
7.1158,3854.59701
7.1893,3857.54563
7.24834,3753.10469
7.30332,3572.66133
7.36935,3522.68616
7.43115,3579.50857
7.49227,3497.15751
7.52281,3398.66755
7.52193,3511.05847
7.5197,3603.83461
7.51714,3555.46365
7.51469,3595.17966
7.51243,3684.97475
7.51058,3705.58954
7.50924,3511.1092
7.50815,3618.59129
7.50702,3496.40643
7.50578,3646.15834
7.50469,3642.39658
7.50376,3544.17321
7.50323,3443.0921
7.50308,513213.673
0.00246,476657.269
0.00223,590135.491
0.00203,556929.395
0.00206,564578.128
0.00194,515378.509
0.00179,512603.281
0.00176,521317.853
0.00178,571997.531
0.00171,525415.045
0.00163,512387.126
0.00166,532420.043
0.00158,527563.711
0.00148,511319.849
0.00154,536072.583
0.00149,566996.636
0.0015,587234.748
0.00137,625016.37
0.00144,607332.563
0.00147,627960.521
0.00148,589980.427
0.00147,598320.459
0.00134,625792.266
0.00138,592423.765
0.00142,605993.163
0.00136,596002.51
0.00134,570035.988
0.00133,573969.416
0.00133,565089.311
0.00131,578373.673
0.00122,587926.619
0.0012,589130.456
0.00199,572333.934
0.00353,580331.117
0.0057,735538.966
0.01278,28945.4532
1.26409,14030.021
3.61223,12285.5003
3.80664,11678.0948
3.78666,11065.6716
3.91805,10729.2926
3.97993,10461.4589
4.04514,10022.0192
4.10233,9952.21835
4.16607,9461.51346
4.2288,9135.49479
4.29426,9138.74491
4.35014,8603.03288
4.41694,8473.69208
4.4776,8206.17856
4.54256,8020.07123
4.59808,7806.8463
4.66377,7743.53611
4.72397,7473.98016
4.79064,7324.83472
4.84384,7202.05834
4.89434,7119.53733
4.97666,6926.32641
5.03439,6843.25475
5.10554,6752.71375
5.1675,6441.74609
5.23008,6491.68488
5.29621,6293.68507
5.34859,6153.78346
5.41285,5990.47985
5.47953,5756.20607
5.53251,5950.59958
5.5932,5596.56437
5.66663,5568.05936
5.7191,5582.35492
5.78373,5395.92382
5.85471,5283.84669
5.91092,5046.86423
5.97447,5355.23957
6.03726,4918.3341
6.09589,5027.71496
6.16242,4908.1115
6.21911,5026.50588
6.29733,4810.8411
6.34597,4652.853
6.41486,4697.49039
6.45821,4642.30917
6.52521,4531.18437
6.59615,4413.69773
6.64579,4491.13378
6.71136,4299.28591
6.7883,4281.10596
6.84762,4258.47057
6.90051,4268.08668
6.96002,4073.83119
7.03411,3996.99245
7.08765,4092.6576
7.15244,3954.5699
7.22398,3848.99884
7.27639,3921.94327
7.33933,3828.26468
7.39737,3807.81526
7.46612,3861.24697
7.51476,3935.16395
7.52219,3764.31742
7.526,3722.78562
7.52546,3728.33247
7.52299,3732.51617
7.52095,3722.73156
7.5188,3713.77579
7.51716,3758.0905
7.51546,3704.58446
7.51399,68270.5397
7.38396,473243.143
0.00215,499467.345
0.00213,603890.584
0.00208,598648.651
0.00191,592220.733
0.0019,523969.406
0.00183,504407.405
0.0017,529516.77
0.00162,544575.071
0.00168,610626.367
0.00159,590225.752
0.00158,558313.238
0.00158,553710.534
0.00148,526153.5
0.00164,551258.731
0.00151,582125.966
0.0014,613600.915
0.00151,621484.807
0.00144,630597.384
0.00134,595212.741
0.00141,566184.647
0.00129,595957.079
0.00134,618466.997
0.00143,607716.801
0.00134,607376.554
0.00135,615523.143
0.00136,574042.608
0.00245,566997.17
0.00436,557737.386
0.0074,273338.72
0.08802,27513.2407
2.73784,25225.188
2.67486,21881.7032
2.85091,20511.7313
2.85103,19176.8522
2.94475,17737.0294
3.0098,17007.746
3.07496,16226.3495
3.13555,15437.5495
3.19736,14789.4857
3.26624,14006.6886
3.32341,13562.4401
3.38653,13316.0417
3.4517,12692.516
3.52249,12514.7283
3.57966,11977.8681
3.63988,11556.4118
3.70349,11239.6941
3.76424,10805.766
3.83312,10424.8542
3.89211,10113.204
3.95114,9717.44146
4.01709,9556.88197
4.08259,9319.18689
4.13887,9068.60882
4.20403,8775.47771
4.26941,8605.87525
4.32555,8374.75559
4.39285,8126.19837
4.4528,8083.11037
4.51671,7814.64416
4.57283,7535.5381
4.6387,7294.16512
4.69894,7223.58779
4.76474,7063.17922
4.82444,6824.54423
4.86705,6741.64853
4.95079,6607.2909
5.00633,6540.59209
5.07715,6302.21233
5.13301,6227.32293
5.20269,5897.27448
5.27525,6063.58741
5.31785,5894.24354
5.3684,5824.07113
5.44381,5720.74391
5.50018,5488.53885
5.55786,5380.96243
5.62446,5197.93948
5.68372,5441.00019
5.74727,5409.76488
5.81399,5132.02734
5.87516,5074.17111
5.93132,4975.32863
6.00115,4896.04921
6.05867,4747.09319
6.1267,4711.37366
6.18032,4597.15592
6.26232,4567.54903
6.31578,4528.3082
6.38048,4472.0034
6.43337,4337.76211
6.49756,4411.83189
6.56796,4316.13434
6.61825,4253.67503
6.68497,4168.3852
6.75539,4175.34661
6.81774,4254.27761
6.87438,3958.62033
6.93393,4072.93095
7.00708,4125.50875
7.05976,3789.75283
7.1253,3873.91819
7.19586,3747.25024
7.24773,3777.52154
7.31613,3854.24087
7.36738,3785.44417
7.43777,3818.91847
7.49521,3714.60295
7.52248,3586.76075
7.52424,3550.0346
7.52151,3646.7265
7.5184,3715.45555
7.51586,3498.25892
7.51352,3536.11491
7.51142,3548.24219
7.50948,3425.29392
7.50782,3668.78575
7.50616,3537.84744
7.50467,3591.52404
7.50318,3472.94029
7.50174,3548.26718
7.50047,3467.54812
7.49916,469919.286
0.62627,511139.091
0.00234,508973.558
0.00196,596474.299
0.00191,595854.52
0.00198,564924.886
0.00176,523001.817
0.0017,502690.611
0.00166,509600.542
0.00165,490815.011
0.00163,548444.668
0.00152,569509.194
0.00157,552570.765
0.00161,538444.957
0.0015,550419.532
0.00149,533873.678
0.00149,560188.016
0.00148,585280.622
0.00144,583677.739
0.0014,608095.369
0.0013,629446.649
0.0014,619933.729
0.00137,627099.506
0.00138,592299.04
0.00137,638793.807
0.00135,632054.546
0.00127,624903.882
0.00129,634978.55
0.0013,625474.19
0.00302,623848.006
0.00519,683279.884
0.01005,78188.3138
0.61203,15276.9504
3.35712,13968.772
3.54077,12687.6401
3.64357,12267.4146
3.66839,11644.0365
3.74015,11146.3052
3.80135,10889.5894
3.86606,10584.3188
3.93059,10111.0202
4.0007,9901.29332
4.05488,9571.48471
4.11882,9272.80985
4.1793,8988.253
4.24664,8658.39402
4.30277,8528.73982
4.3704,8266.72871
4.42841,8073.30725
4.4925,7800.43652
4.55168,7707.08652
4.61844,7635.29498
4.67929,7469.12799
4.74495,7174.66325
4.80092,7271.37493
4.83979,6961.71633
4.93785,6806.58601
4.98982,6654.43795
5.06173,6449.85042
5.11616,6379.75273
5.18514,6213.43463
5.2429,6073.58513
5.3119,6149.96756
5.35347,5922.97944
5.42676,5875.20441
5.48611,5784.30636
5.54218,5477.29638
5.60459,5434.35824
5.67192,5422.34318
5.73234,5377.94836
5.79521,5310.95385
5.86035,5066.69427
5.9147,5042.98258
5.98234,5113.82861
6.04424,4906.62488
6.10702,4801.09062
6.1636,4827.23914
6.24044,4719.01788
6.2954,4681.34249
6.37062,4453.58613
6.41875,4578.76127
6.48076,4451.51392
6.55054,4321.62185
6.60312,4344.09667
6.66646,4063.73823
6.73505,4123.6166
6.80078,4117.60007
6.85784,4009.70148
6.9158,4103.16375
6.9921,4012.90853
7.04583,3928.82847
7.10736,3928.81092
7.18005,3847.86327
7.2327,3898.23446
7.29557,3752.60219
7.35585,3728.32973
7.42277,3677.96192
7.48274,3479.92505
7.51981,3673.5463
7.5242,3561.35085
7.52265,3710.50891
7.51995,3506.57911
7.51756,3689.99021
7.51538,3566.60428
7.51333,3622.07588
7.51141,3560.63798
7.50984,3577.66663
7.50815,3497.84711
7.50656,537286.776
0.00223,479435.704
0.00218,568905.131
0.00206,589466.036
0.00199,578275.056
0.00182,559949.392
0.00182,557651.85
0.00171,529390.029
0.00164,498726.383
0.00168,585483.916
0.0015,620745.783
0.00156,592612.346
0.00158,578962.22
0.00144,569354.205
0.00154,578270.686
0.00138,555416.047
0.00131,582467.585
0.0014,573561.397
0.00138,611683.172
0.00134,618710.075
0.00119,619584.143
0.00131,587547.947
0.00127,602204.964
0.00141,604160.018
0.00126,579034.922
0.00136,619589.842
0.0012,614524.184
0.00116,623050.423
0.00122,627537.43
0.00117,624619.76
0.00122,614082.038
0.0012,611517.722
0.00112,612448.281
0.00107,664862.327
0.00114,674277.561
0.00108,675817.73
0.00103,660367.966
0.00113,677451.8
0.00102,670421.734
0.00102,673162.769
0.001,669918.597
0.00105,710941.666
0.00101,674013.28
0.00107,671297.911
0.0011,672036.955
0.00103,672507.874
0.00101,667178.554
0.00107,654978.688
0.00105,663446.346
0.00102,657384.628
0.00096,650519.987
0.00096,646668.4
0.00106,645270.474
0.00096,643677.902
0.00102,632359.913
0.00096,631755.069
0.00088,598647.638
0.00107,583914.159
0.00094,607179.264
0.00087,620574.2
0.001,619330.816
0.00094,617203.177
0.00086,630044.087
0.00094,634328.402
0.00091,627469.634
0.00089,637263.841
0.00081,633853.302
0.00094,611914.752
0.00094,602761.214
0.00101,602780.874
0.00087,613898.905
0.00086,646170.424
0.00093,664857.828
0.00098,706892.144
0.00093,711671.413
0.00089,718686.264
0.00094,725741.614
0.00087,726613.465
0.00074,733470.616
0.00082,739214.831
0.00086,746550.577
0.00089,760986.769
0.00089,831628.52
0.00081,851837.727
0.00078,848047.285
0.00078,839283.363
0.0008,827814.532
0.00085,817700.648
0.0008,801794.331
0.00078,805408.169
0.00074,789843.37
0.00085,790496.035
0.00073,812780.146
0.00079,824635.945
0.00078,837045.548
0.00072,825193.996
0.00074,835664.472
0.00084,863598.189
0.0008,864772.119
0.00075,879840.666
0.00072,849920.183
0.00087,849277.249
0.00085,842090.623
0.00084,854149.648
0.00073,881267.165
0.00082,856875.725
0.00082,852934.98
0.00082,852185.128
0.00079,846160.913
0.00067,856160.913
0.0008,903093.445
0.00072,904975.653
0.00068,894657.272
0.00079,893065.739
0.00075,905211.814
0.00071,915043.769
0.00074,921021.466
0.00079,927356.556
0.00071,915634.138
0.00065,939238.396
0.00074,934634.606
0.00068,945574.731
0.00065,939562.584
0.00072,937197.93
0.00065,941209.585
0.00079,956125.306
0.00068,970662.112
0.00071,979519.831
0.00074,937983.707
0.00071,899551.876
0.00074,875022.286
0.00071,904312.89
0.0007,926124.251
0.00067,920972.048