,Load (lbf),Resistance (Ohms)
0,0.739,24444.2916
1,0.739,24466.3018
2,0.739,24120.1911
3,0.739,24408.1785
4,0.739,24833.9549
5,0.739,24991.4806
6,0.739,24873.1662
7,0.739,24695.412
8,0.739,24816.1602
9,0.739,24667.596
10,0.739,24704.4261
11,0.739,24521.2741
12,0.739,24643.1258
13,0.737,24706.4457
14,0.737,24538.5984
15,0.737,24778.0885
16,0.737,24649.0956
17,0.737,24517.664
18,0.737,24573.0919
19,0.737,24552.1652
20,0.737,24555.2154
21,0.737,24531.2629
22,0.737,24489.5565
23,0.737,24507.735
24,0.737,24501.8463
25,0.737,24520.3689
26,0.737,24461.1061
27,0.737,24511.232
28,0.737,24614.4843
29,0.737,24589.377
30,0.737,24576.4989
31,0.737,24683.8727
32,0.737,24627.2779
33,0.737,24685.2744
34,0.737,24603.8174
35,0.737,24528.8016
36,0.737,24490.7819
37,0.737,24560.744
38,0.737,24447.1291
39,0.737,24609.7878
40,0.737,24585.5203
41,0.737,24451.7067
42,0.737,24519.5372
43,0.737,24497.4614
44,0.737,24559.6775
45,0.737,24492.1949
46,0.737,24465.1667
47,0.737,24438.3919
48,0.737,24430.7429
49,0.737,24609.604
50,0.737,24577.5753
51,0.737,24353.0872
52,0.737,24595.7035
53,0.737,24465.99
54,0.737,24507.97
55,0.737,24509.3377
56,0.737,24564.7212
57,0.737,24580.9722
58,0.737,24287.309
59,0.737,24417.9654
60,0.738,24573.6628
61,0.737,24663.1291
62,0.737,24546.9825
63,0.737,24351.4101
64,0.738,24245.6324
65,0.738,24458.9875
66,0.738,24434.4839
67,0.738,24477.0846
68,0.738,24407.1005
69,0.738,24437.3418
70,0.738,24339.5973
71,0.738,25414.8411
72,0.982,24812.1076
73,0.741,19159.9684
74,1.261,5271.31991
75,2.708,13260.3392
76,1.932,3489.15002
77,5.524,3249.52328
78,5.728,3062.09867
79,5.729,3170.72421
80,5.739,3151.43327
81,5.733,3178.84691
82,5.737,2990.73831
83,5.735,2948.11993
84,5.737,3120.03109
85,5.737,3134.63132
86,5.737,3138.96659
87,5.737,3110.6674
88,5.76,3851.7556
89,5.699,34715.4134
90,1.299,29956.8854
91,0.74,28433.3811
92,0.742,27972.8045
93,0.741,26967.8168
94,0.742,26674.636
95,0.742,26591.5448
96,0.741,26317.8255
97,0.741,26266.5901
98,0.741,25747.9701
99,0.741,25520.4995
100,0.741,25373.1519
101,0.741,25542.6145
102,0.741,25649.6023
103,0.741,25556.5073
104,0.741,17438.3665
105,0.903,11552.8335
106,1.735,9678.19226
107,1.815,4441.73719
108,2.86,3283.83004
109,5.757,3309.71269
110,5.742,3132.71214
111,5.731,3231.95483
112,5.732,3120.18986
113,5.735,3007.43351
114,5.73,3113.11784
115,5.734,3153.36599
116,5.73,3068.3306
117,5.732,3111.31712
118,5.729,3153.09383
119,5.73,3121.45737
120,5.733,3117.64269
121,5.735,3028.28588
122,5.734,3038.04398
123,5.737,3148.27126
124,5.731,3119.09411
125,5.739,3135.70385
126,5.705,34417.9828
127,1.289,32112.0719
128,0.741,30713.3789
129,0.741,29972.5493
130,0.741,29844.5227
131,0.741,29390.4746
132,0.741,28337.0885
133,0.741,27628.3745
134,0.741,26684.286
135,0.741,26862.4251
136,0.74,26398.7754
137,0.739,26457.7526
138,1.068,21150.6795
139,1.314,12338.2494
140,2.677,3413.26207
141,5.795,3422.89557
142,5.745,3047.05315
143,5.709,3172.96813
144,5.729,3094.02274
145,5.717,3183.87458
146,5.723,3049.07411
147,5.719,3232.45012
148,5.721,3051.73095
149,5.719,3074.7867
150,5.719,3150.58772
151,5.719,3118.90163
152,5.72,3148.25128
153,5.72,3124.77079
154,5.725,3258.93627
155,5.719,4828.25573
156,5.458,33769.162
157,0.746,31576.3832
158,0.749,31144.4864
159,0.749,29533.5409
160,0.749,29065.5144
161,0.749,28869.8976
162,0.749,28374.8436
163,0.749,28165.7233
164,0.749,28197.0262
165,0.749,17614.7811
166,1.12,15548.7812
167,1.999,5233.29047
168,3.673,3305.85874
169,5.574,3275.26526
170,5.746,3042.23294
171,5.729,3170.88937
172,5.722,3126.85063
173,5.723,3027.89916
174,5.721,3202.36809
175,5.72,3101.24162
176,5.722,3052.52606
177,5.721,3188.40088
178,5.722,3198.17803
179,5.722,3085.864
180,5.722,3137.74077
181,5.72,3238.80756
182,5.72,2965.637
183,5.721,3166.83469
184,5.72,3096.37106
185,5.699,4045.67787
186,5.439,34362.3196
187,0.737,32679.5238
188,0.751,31779.5796
189,0.751,30936.1816
190,0.751,30704.8316
191,0.751,30280.1223
192,0.751,29701.2881
193,0.751,29130.8537
194,0.751,28721.7715
195,0.751,28834.6307
196,0.751,27904.9064
197,0.751,29153.3314
198,0.745,9532.20837
199,1.196,11894.4944
200,1.668,11409.2425
201,1.951,3489.20691
202,4.363,3130.93704
203,5.669,3173.23521
204,5.709,3248.69356
205,5.722,3282.59565
206,5.719,3179.44364
207,5.723,3124.79436
208,5.724,3202.98292
209,5.721,3343.38194
210,5.721,3150.55485
211,5.719,3130.19678
212,5.718,3262.29729
213,5.719,3179.91899
214,5.722,3232.04769
215,5.72,3176.70615
216,5.72,3169.40387
217,5.719,3175.80359
218,5.72,3184.81197
219,5.72,3325.97701
220,5.925,36946.5778
221,1.335,32424.3815
222,0.749,31967.6911
223,0.75,31122.5577
224,0.75,31448.4463
225,0.75,31166.7081
226,0.75,31046.5741
227,0.75,30777.1724
228,0.749,29786.674
229,0.75,29959.3274
230,0.749,29851.6946
231,0.82,21106.4631
232,0.975,27211.4449
233,1.188,3215.39954
234,4.839,3184.20843
235,5.735,3101.745
236,5.725,3059.55561
237,5.726,3163.23557
238,5.724,3191.22336
239,5.727,3085.45526
240,5.729,3125.67243
241,5.73,3156.063
242,5.729,3023.19632
243,5.727,3107.87634
244,5.726,2971.04338
245,5.726,3097.67777
246,5.726,3229.01515
247,5.738,3085.99824
248,5.727,3126.86009
249,5.86,3377.71922
250,5.403,33813.9488
251,0.795,32659.315
252,0.749,31976.7448
253,0.749,32028.0765
254,0.748,31826.1225
255,0.749,31182.0124
256,0.748,31092.19
257,0.748,30332.6409
258,0.748,30446.4157
259,0.748,30087.0032
260,0.748,29972.2356
261,0.748,28354.9743
262,0.748,20498.9799
263,0.928,15056.6229
264,1.188,18942.1587
265,1.106,28536.9254
266,1.185,6159.29706
267,1.201,3287.53819
268,5.76,3183.01319
269,5.735,3100.94345
270,5.74,3142.88486
271,5.739,3007.92452
272,5.74,2995.77311
273,5.739,3066.88892
274,5.74,3055.41248
275,5.739,3047.29483
276,5.74,3096.66883
277,5.738,3057.66866
278,5.738,3160.48982
279,5.738,3038.81137
280,5.739,2936.48713
281,5.739,3020.21933
282,5.738,3151.70869
283,5.739,2964.79692
284,5.739,4063.94476
285,5.665,36964.7081
286,0.737,34595.1273
287,0.742,32917.7059
288,0.742,31427.5912
289,0.742,30812.8248
290,0.742,30534.3792
291,0.742,30937.7531
292,0.742,30782.187
293,0.742,30841.7447
294,0.742,31056.765
295,0.742,30519.8157
296,0.742,21427.3619
297,0.886,19612.097
298,0.987,9095.28651
299,0.889,3476.36665
300,3.591,3304.79032
301,5.702,3231.09231
302,5.72,3218.15268
303,5.698,3265.60163
304,5.705,3166.06414
305,5.709,3067.77929
306,5.706,3014.08349
307,5.711,3099.43969
308,5.709,3117.8709
309,5.71,3057.36802
310,5.708,3237.24304
311,5.707,3151.11156
312,5.707,3103.63804
313,5.708,3106.91216
314,5.708,3056.2056
315,5.708,3004.77151
316,5.707,3215.34005
317,5.707,3141.14367
318,5.708,3204.02419
319,5.707,3110.02644
320,5.707,3056.06309
321,5.707,3448.63885
322,5.854,36711.7809
323,0.887,35141.6224
324,0.747,32824.5493
325,0.748,31233.688
326,0.747,31020.5786
327,0.747,30648.9905
328,0.748,30134.8325
329,0.748,29439.5511
330,0.748,28962.732
331,0.748,29189.0695
332,0.748,28902.7191
333,0.747,28956.9613
334,0.747,29382.4514
335,1.215,24839.0204
336,1.18,6928.48131
337,0.983,3080.24771
338,5.504,3270.57203
339,5.739,3204.91279
340,5.693,3307.12168
341,5.709,3140.0042
342,5.704,3182.5098
343,5.706,3193.87731
344,5.706,3116.75583
345,5.705,3100.5695
346,5.706,3083.37005
347,5.705,3205.04745
348,5.707,3107.38695
349,5.705,3110.57283
350,5.705,3198.25161
351,5.704,3067.95402
352,5.705,3072.37936
353,5.705,3028.26944
354,5.705,2981.32521
355,5.704,3125.40324
356,5.705,2982.06914
357,5.704,3162.79774
358,5.932,7303.94747
359,5.566,34234.0293
360,0.746,34035.0506
361,0.749,32036.4205
362,0.749,31115.8863
363,0.749,30306.9754
364,0.749,29949.1867
365,0.749,29455.705
366,0.749,29833.9697
367,0.749,29863.1308
368,0.749,30107.7148
369,0.749,29480.0985
370,0.749,28842.0826
371,0.749,29123.8798
372,0.749,29805.057
373,0.842,15318.224
374,1.263,9694.52059
375,1.935,39269.1861
376,2.077,3591.00436
377,5.765,3087.40387
378,5.756,3052.62132
379,5.713,3234.97601
380,5.736,3101.53325
381,5.727,3059.22423
382,5.732,3085.27469
383,5.731,3084.57629
384,5.734,2999.94507
385,5.734,3027.86657
386,5.734,3097.24225
387,5.734,3054.29322
388,5.733,3016.66201
389,5.732,3162.50823
390,5.731,2930.22569
391,5.732,3005.05642
392,5.732,3187.99968
393,5.731,3067.69474
394,5.731,2996.74721
395,5.732,3110.70931
396,5.731,3122.32853
397,5.731,3167.51686
398,5.732,3145.79749
399,5.732,3101.48546
400,5.732,3224.48941
401,5.732,3466.70207
402,5.719,41290.8045
403,2.869,34799.1425
404,0.757,34422.6969
405,0.758,34320.4462
406,0.758,32212.6418
407,0.758,31324.7981
408,0.758,31601.6179
409,0.758,31235.0111
410,0.758,30203.3415
411,0.758,29750.8586
412,0.758,29839.5977
413,0.758,29172.4672
414,0.758,29130.1837
415,0.758,29133.7327
416,0.758,29142.3003
417,0.758,23458.6312
418,0.951,8552.86023
419,0.886,2953.98844
420,5.023,3108.89006
421,5.727,3236.02009
422,5.745,3047.46926
423,5.734,3026.5566
424,5.737,3130.0133
425,5.737,3126.47956
426,5.738,2985.36961
427,5.738,3043.75369
428,5.74,3137.73619
429,5.74,3094.27565
430,5.739,3101.36482
431,5.738,3111.17916
432,5.738,3216.55969
433,5.738,3121.27489
434,5.739,2926.17819
435,5.737,3182.10672
436,5.737,3155.85807
437,5.737,3214.22211
438,5.737,3165.53677
439,5.736,3066.66714
440,5.737,3200.62307
441,5.737,4201.00478
442,5.638,35321.0785
443,0.73,33525.47
444,0.759,32273.9255
445,0.759,31962.7704
446,0.759,31637.9147
447,0.759,31091.2725
448,0.759,31125.9477
449,0.759,30750.1535
450,0.759,30401.4913
451,0.759,30435.1546
452,0.759,30331.6261
453,0.759,29840.1884
454,0.759,29200.9782
455,0.759,29421.3906
456,0.786,10121.6987
457,1.363,8330.71035
458,3.066,3151.53288
459,5.792,3285.84138
460,5.762,3177.16057
461,5.749,3131.32982
462,5.74,3086.17268
463,5.745,3300.85181
464,5.738,2990.77336
465,5.742,3202.2928
466,5.738,3187.62406
467,5.737,3173.25688
468,5.74,3240.74579
469,5.739,3086.91193
470,5.738,3154.76494
471,5.738,3111.81417
472,5.738,3112.73623
473,5.737,3169.03833
474,5.738,3239.00662
475,5.738,3116.80464
476,5.737,3089.01775
477,5.737,3265.05659
478,5.737,3017.60441
479,5.737,3243.83964
480,5.737,3148.06511
481,5.737,3131.1413
482,5.737,3141.43445
483,5.741,3114.09113
484,5.769,3201.47249
485,5.797,61792.0882
486,4.977,36850.0054
487,0.754,34853.5173
488,0.755,34366.9293
489,0.755,32268.4526
490,0.755,31078.5184
491,0.755,31158.7864
492,0.755,30955.0199
493,0.755,30539.7333
494,0.755,30060.9814
495,0.755,30077.1909
496,0.755,29490.2258
497,0.755,29146.0369
498,0.755,28907.4558
499,0.755,23231.1778
500,0.814,10889.9273
501,1.275,6339.14374
502,2.917,3263.23591
503,5.771,3314.75678
504,5.721,3261.54476
505,5.744,2995.54345
506,5.732,3196.74074
507,5.731,3153.55989
508,5.73,2979.76021
509,5.733,3135.84606
510,5.735,3250.59175
511,5.734,3096.74244
512,5.734,3155.82772
513,5.734,3142.54713
514,5.733,3283.05259
515,5.732,3115.56363
516,5.732,2991.59354
517,5.733,3104.98245
518,5.733,3161.19001
519,5.732,3122.37586
520,5.732,3085.87371
521,5.732,3012.09211
522,5.732,3136.92162
523,5.732,3113.15253
524,5.732,2929.46846
525,5.732,3007.22901
526,5.732,3088.99403
527,5.732,3219.32593
528,5.89,35113.5611
529,1.49,34587.8198
530,0.763,34222.1796
531,0.763,34317.5716
532,0.764,33079.0766
533,0.764,32460.8462
534,0.764,31770.1268
535,0.763,31927.8446
536,0.764,30701.1048
537,0.764,30949.3018
538,0.763,30286.2062
539,0.764,29608.1686
540,0.764,29390.6771
541,0.764,29199.4687
542,0.764,21040.7642
543,0.763,16062.083
544,0.915,15238.7249
545,1.381,11667.8594
546,1.466,11800.0496
547,1.213,3596.41452
548,5.821,3053.25756
549,5.746,3078.5046
550,5.713,3159.38897
551,5.741,3132.94735
552,5.738,3094.39917
553,5.738,3143.91682
554,5.74,3041.30191
555,5.735,3129.55019
556,5.738,3119.92129
557,5.734,3029.38004
558,5.736,3152.87118
559,5.737,3188.50607
560,5.737,3219.48332
561,5.736,3054.67904
562,5.736,3025.04343
563,5.735,3133.2994
564,5.734,3099.29144
565,5.734,3002.38999
566,5.734,3135.7004
567,5.734,3222.86942
568,5.734,3150.36222
569,5.734,3127.71993
570,5.734,2960.63614
571,5.734,3117.87459
572,5.734,2951.63558
573,5.734,2985.84119
574,5.734,3063.36158
575,5.734,3059.31364
576,5.734,2939.10525
577,5.734,3018.8916
578,5.734,3147.56629
579,5.743,3586.79595
580,5.699,37497.608
581,0.696,35130.4096
582,0.748,34743.686
583,0.749,35176.257
584,0.749,35730.2252
585,0.749,35654.0869
586,0.749,35528.1524
587,0.749,33361.5682
588,0.749,33209.2268
589,0.749,32583.4981
590,0.75,31729.5438
591,0.75,31646.0186
592,0.75,27620.3626
593,0.964,31490.6518
594,0.746,31542.6524
595,1.272,5171.88529
596,2.154,3091.07702
597,5.659,3293.37016
598,5.739,3105.95903
599,5.733,3249.74478
600,5.737,3106.65648
601,5.736,3090.04124
602,5.737,3223.31583
603,5.736,3107.26976
604,5.736,3255.96147
605,5.736,3187.29423
606,5.735,3181.19974
607,5.735,3202.0635
608,5.734,3159.16881
609,5.735,3050.53452
610,5.734,3053.72325
611,5.735,3206.52689
612,5.734,3042.22696
613,5.734,3114.06584
614,5.735,3180.5833
615,5.734,3043.5929
616,5.734,3054.85049
617,5.734,3006.69639
618,5.734,3245.21065
619,5.734,3219.82729
620,5.734,3120.07903
621,5.734,3128.45793
622,5.734,3261.2398
623,5.734,3020.26863
624,5.734,3155.19532
625,5.734,3141.68574
626,5.734,3170.30566
627,5.734,3065.82219
628,5.734,3096.90611
629,5.735,3070.14339
630,5.734,2997.03198
631,5.734,3086.77716
632,5.734,3061.79613
633,5.734,3148.78164
634,5.734,3028.44627
635,5.725,3156.23306
636,5.798,8981.69792
637,5.338,35843.8106
638,0.754,34506.1909
639,0.758,33568.3519
640,0.758,32093.6417
641,0.758,32281.5882
642,0.758,31043.3031
643,0.758,31235.0742
644,0.758,30761.9376
645,0.758,30159.8448
646,0.758,30421.7674
647,0.758,30733.1296
648,0.758,30736.2929
649,0.758,30556.0214
650,0.758,30183.718
651,0.757,29634.7362
652,0.758,29441.4649
653,0.758,28976.125
654,0.758,23451.952
655,0.844,14037.2489
656,1.2,8033.6157
657,1.379,3246.44749
658,3.305,3248.66927
659,5.703,3172.41936
660,5.747,3145.97446
661,5.701,3096.927
662,5.722,3116.91636
663,5.707,3012.22036
664,5.716,3186.15547
665,5.712,3156.11811
666,5.716,3161.74351
667,5.713,3062.97615
668,5.716,3145.19383
669,5.714,3042.58918
670,5.712,3058.52355
671,5.712,3138.83096
672,5.712,3078.61574
673,5.713,3143.18073
674,5.713,3147.57149
675,5.712,3164.65271
676,5.712,3147.46746
677,5.712,3027.69949
678,5.711,3137.73819
679,5.712,3073.4973
680,5.712,3124.63925
681,5.712,3154.06992
682,5.711,3023.53021
683,5.711,3118.93621
684,5.712,3055.2272
685,5.712,3083.59583
686,5.711,3132.6344
687,5.711,3114.48661
688,5.711,3164.06905
689,5.711,3080.90966
690,5.711,3103.71271
691,5.712,3144.75692
692,5.712,3134.61893
693,5.711,3201.10634
694,5.711,3167.58246
695,5.711,3194.7307
696,5.711,3202.89988
697,5.711,3120.73135
698,5.764,130539.458
699,4.286,36472.6123
700,0.755,35103.2747
701,0.756,34601.0586
702,0.756,35162.4982
703,0.756,34579.0545
704,0.756,34466.589
705,0.756,34334.1959
706,0.756,33618.4341
707,0.756,34105.529
708,0.756,33490.8121
709,0.756,13972.7992
710,0.757,18029.0818
711,1.127,11958.6673
712,1.686,10361.328
713,1.711,30632.5363
714,1.628,4167.36585
715,1.598,3262.03886
716,5.601,3268.27171
717,5.705,3215.42924
718,5.742,3229.07139
719,5.718,3076.02381
720,5.733,3106.24666
721,5.723,3092.37884
722,5.728,3124.35242
723,5.724,3193.10419
724,5.727,3137.37508
725,5.724,3077.65083
726,5.725,3181.36768
727,5.725,2983.21748
728,5.725,3039.96593
729,5.725,3141.48644
730,5.724,3134.15666
731,5.724,3051.4986
732,5.724,3033.38048
733,5.724,3129.19586
734,5.724,3060.44859
735,5.724,3070.17435
736,5.724,3126.55087
737,5.724,3040.79751
738,5.724,3068.92659
739,5.724,3107.10988
740,5.724,3177.89238
741,5.724,3147.67362
742,5.724,3185.66864
743,5.724,3044.84606
744,5.724,3073.97229
745,5.724,3133.87615
746,5.724,3060.82151
747,5.724,3308.81522
748,5.719,36290.9432
749,1.053,35938.9046
750,0.764,34413.3529
751,0.764,34486.7779
752,0.765,34106.6617
753,0.765,33565.1899
754,0.765,33845.3301
755,0.765,34469.7485
756,0.765,34084.7439
757,0.765,32970.9904
758,0.765,32976.5342
759,0.765,32678.2454
760,0.765,31585.8107
761,0.765,21269.7333
762,0.945,18721.8007
763,1.399,26007.0375
764,1.298,3634.15125
765,1.974,3253.85378
766,5.682,3185.7476
767,5.683,3193.35004
768,5.738,3153.41753
769,5.708,3074.57405
770,5.73,3040.66178
771,5.72,3263.50295
772,5.727,3119.67803
773,5.721,3134.95442
774,5.725,3198.35056
775,5.722,3134.99796
776,5.722,3187.3955
777,5.723,3044.09788
778,5.722,2992.01417
779,5.721,3151.52353
780,5.721,3182.33469
781,5.721,3238.81632
782,5.721,3194.56707
783,5.721,3252.05016
784,5.72,3061.39857
785,5.721,3125.89917
786,5.72,3238.09099
787,5.721,3243.74388
788,5.721,3123.78492
789,5.721,3162.04585
790,5.721,3109.67315
791,5.721,3095.76863
792,5.721,3040.07715
793,5.721,3157.30665
794,5.721,3278.75861
795,5.721,3132.64409
796,5.72,3268.68544
797,5.805,332914.031
798,4.954,40927.4677
799,0.756,37766.1134
800,0.76,37179.6351
801,0.76,37273.3934
802,0.76,37429.0685
803,0.761,35659.7545
804,0.761,35098.848
805,0.761,33918.3484
806,0.761,33415.3766
807,0.761,33358.905
808,0.761,32952.855
809,0.761,33105.18
810,0.761,33114.2435
811,0.761,20943.0758
812,0.765,32980.7229
813,0.759,14007.6818
814,1.214,26553.2969
815,1.09,3772.05023
816,2.689,3249.08585
817,5.775,3194.0505
818,5.757,3285.98363
819,5.765,3081.14343
820,5.754,3095.03962
821,5.76,3151.09669
822,5.757,3128.36905
823,5.762,3365.42039
824,5.76,3110.02848
825,5.759,3184.82874
826,5.757,2932.49028
827,5.757,3219.59355
828,5.757,3051.75359
829,5.756,3020.34789
830,5.756,2982.90563
831,5.756,3215.46018
832,5.756,3101.34875
833,5.755,3152.47342
834,5.756,2977.96171
835,5.756,3122.93078
836,5.756,3205.77185
837,5.755,3093.4115
838,5.756,3168.97919
839,5.755,3161.51912
840,5.755,6520.2221
841,5.551,39425.3002
842,0.745,38754.1879
843,0.768,36437.6116
844,0.768,35677.3065
845,0.768,35435.6822
846,0.768,35118.9868
847,0.768,34636.0026
848,0.768,34667.599
849,0.768,34175.0296
850,0.768,34249.2815
851,0.768,34777.2862
852,0.768,21736.3846
853,0.905,20330.5619
854,1.31,13997.9312
855,1.515,17222.3232
856,1.358,13611.4466
857,1.223,12223.3652
858,1.602,11920.3782
859,1.433,5261.53888
860,1.111,3402.03045
861,3.626,3253.80151
862,5.749,3166.24549
863,5.78,3123.00801
864,5.72,3295.08725
865,5.756,3241.44301
866,5.735,3083.35796
867,5.746,3117.58766
868,5.74,3206.97891
869,5.744,3169.9113
870,5.742,3218.52295
871,5.743,3131.49102
872,5.741,3113.23917
873,5.74,3193.12701
874,5.739,3169.20062
875,5.739,3123.34025
876,5.739,3025.47037
877,5.739,3009.94549
878,5.738,3175.44766
879,5.738,3138.5077
880,5.739,3098.65687
881,5.738,3222.6145
882,5.738,3133.68047
883,5.738,3161.06547
884,5.738,3159.69638
885,5.738,3140.943
886,5.737,2946.41005
887,5.737,3176.31135
888,5.737,3054.22112
889,5.737,3094.82025
890,5.737,3097.91637
891,5.737,3089.88971
892,5.737,3159.10787
893,5.737,3017.43556
894,5.737,3043.64941
895,5.737,3210.34973
896,5.737,3122.40522
897,5.737,3131.78794
898,5.736,3034.11652
899,5.737,3185.48816
900,5.737,2922.77415
901,5.737,3211.69115
902,5.737,3133.37934
903,5.736,3181.61459
904,5.737,3108.84218
905,5.737,3210.68843
906,5.737,4950.15524
907,5.577,38626.2316
908,0.723,38098.0446
909,0.764,36316.7984
910,0.764,36088.8835
911,0.764,34827.7131
912,0.764,34590.0624
913,0.764,34355.3646
914,0.764,34026.8194
915,0.764,33869.6385
916,0.764,33370.5324
917,0.764,32668.298
918,0.764,32054.1469
919,0.764,31935.0842
920,0.764,31707.6554
921,0.764,31699.6676
922,0.764,31535.4287
923,0.764,31453.8699
924,0.764,31369.7993
925,0.764,30827.5501
926,0.764,30801.5925
927,0.764,30296.1221
928,0.764,30004.5499
929,0.764,32442.7156
930,0.876,10191.1455
931,1.023,15251.6799
932,1.471,3403.74602
933,5.179,3151.42749
934,5.774,3221.70653
935,5.734,3233.01509
936,5.757,3274.99442
937,5.743,3125.90583
938,5.749,3113.75321
939,5.744,3108.59792
940,5.747,3063.58589
941,5.744,3107.14437
942,5.745,3012.83763
943,5.744,3145.7462
944,5.744,3055.53389
945,5.744,3303.24987
946,5.744,3110.21948
947,5.744,3100.39079
948,5.744,3104.7317
949,5.744,2991.90174
950,5.744,3088.8746
951,5.743,3219.49733
952,5.744,3121.14484
953,5.743,2975.0454
954,5.744,3095.0496
955,5.744,2952.59053
956,5.744,3219.84833
957,5.744,3138.30623
958,5.744,3186.87201
959,5.744,3173.58487
960,5.744,3170.17338
961,5.744,3036.56942
962,5.744,3149.58458
963,5.744,3063.53194
964,5.744,3166.17145
965,5.744,2999.17816
966,5.744,3113.55652
967,5.744,3059.66967
968,5.744,3139.44933
969,5.744,3101.47826
970,5.744,3006.49183
971,5.793,63029.4005
972,4.998,37841.0577
973,0.765,35696.1142
974,0.769,35378.61
975,0.77,35123.365
976,0.77,34646.5219
977,0.77,34573.3211
978,0.77,34532.1848
979,0.77,33959.1828
980,0.77,33449.3534
981,0.77,32764.3369
982,0.77,32420.1064
983,0.77,31990.9239
984,0.77,31993.1868
985,0.77,31858.5843
986,0.77,31557.568
987,0.77,31274.0104
988,0.771,31478.548
989,0.77,30710.4462
990,0.771,30644.1663
991,0.77,30077.3201
992,0.77,29873.3507
993,0.77,29758.928
994,0.77,29832.4878
995,0.77,29960.1412
996,0.77,29917.1312
997,0.77,29695.9579
998,0.77,29491.882
999,0.77,21241.4704
1000,0.854,15556.6176
1001,0.926,29368.8081
1002,1.398,3006.71055
1003,1.998,3207.76295
1004,5.764,3155.10726
1005,5.764,3153.85781
1006,5.757,3064.57237
1007,5.764,3202.52443
1008,5.763,3151.02832
1009,5.762,3250.50657
1010,5.761,3232.73948
1011,5.761,3126.61881
1012,5.76,3140.29578
1013,5.758,3206.0138
1014,5.757,3171.03504
1015,5.758,3234.32135
1016,5.757,3157.718
1017,5.756,3069.70509
1018,5.756,3225.10804
1019,5.756,3040.80777
1020,5.76,3091.19075
1021,5.759,3116.23287
1022,5.758,3086.73426
1023,5.757,3070.27844
1024,5.815,3099.98694
1025,5.756,4825.38846
1026,5.817,42195.7971
1027,0.765,40392.4681
1028,0.774,37652.0899
1029,0.777,36479.3336
1030,0.777,35400.7856
1031,0.777,33555.3095
1032,0.777,33582.3609
1033,0.777,33539.4612
1034,0.777,33082.2132
1035,0.777,33220.0307
1036,0.777,33014.3828
1037,0.776,29824.3953
1038,1.357,13363.0225
1039,1.809,3483.7444
1040,5.852,3223.90738
1041,5.776,3092.31282
1042,5.806,3097.63715
1043,5.821,3110.43765
1044,5.809,3106.72785
1045,5.811,3149.72779
1046,5.808,3216.9697
1047,5.807,2984.92322
1048,5.808,3167.13197
1049,5.805,3163.07914
1050,5.806,3106.50207
1051,5.807,3049.10819
1052,5.807,3224.14803
1053,5.806,3240.12397
1054,5.805,3165.08538
1055,5.804,3002.57152
1056,5.805,3075.23821
1057,5.805,2999.36911
1058,5.805,3164.67671
1059,5.804,3030.25603
1060,5.804,3012.76475
1061,5.804,2954.20546
1062,5.804,2953.95846
1063,5.803,3043.21842
1064,5.803,3041.29457
1065,5.804,2999.71054
1066,5.804,3100.45629
1067,5.804,3005.61756
1068,5.803,3168.37312
1069,5.803,3076.67695
1070,5.804,2974.78223
1071,5.81,3548.14133
1072,5.887,36735.6268
1073,0.766,34955.0176
1074,0.779,36396.4344
1075,0.78,35290.5828
1076,0.78,34049.0951
1077,0.78,33881.7996
1078,0.78,32885.1219
1079,0.78,31784.8613
1080,0.78,31369.2739
1081,0.78,31340.26
1082,0.78,31528.2355
1083,0.78,30811.7587
1084,0.78,30106.0544
1085,0.78,17792.7917
1086,1.29,14244.3128
1087,1.55,27701.1687
1088,1.429,3380.3117
1089,1.964,3252.29621
1090,5.715,3186.15646
1091,5.759,3128.50696
1092,5.782,3149.49214
1093,5.766,3214.84913
1094,5.761,3233.21944
1095,5.77,3216.44807
1096,5.762,3180.8376
1097,5.765,3227.19557
1098,5.767,3044.30101
1099,5.762,3287.44603
1100,5.762,3129.20144
1101,5.76,3147.98126
1102,5.758,3105.29165
1103,5.757,3018.24444
1104,5.757,3142.75332
1105,5.757,3117.51927
1106,5.756,2969.15868
1107,5.755,3094.7024
1108,5.755,3241.52805
1109,5.755,2997.99144
1110,5.755,3195.39333
1111,5.755,2964.39022
1112,5.755,3192.01264
1113,5.755,3044.57319
1114,5.755,78829.8173
1115,4.34,36943.0707
1116,0.778,35133.2544
1117,0.781,33762.1684
1118,0.781,33280.9681
1119,0.781,33137.1785
1120,0.781,33492.1285
1121,0.781,33733.2824
1122,0.781,32297.5217
1123,0.781,31558.0701
1124,0.781,31131.6123
1125,0.781,30361.1587
1126,0.781,29320.178
1127,1.039,30185.2252
1128,0.777,27601.9934
1129,1.686,3904.77478
1130,2.655,3221.62511
1131,5.549,3284.62163
1132,5.758,3192.11022
1133,5.796,3077.96424
1134,5.771,3019.82461
1135,5.785,3138.09527
1136,5.777,2976.83388
1137,5.775,3175.35055
1138,5.778,2983.24718
1139,5.773,3128.46604
1140,5.779,3142.24439
1141,5.775,3126.03702
1142,5.775,3167.12264
1143,5.775,3191.43299
1144,5.774,3108.42821
1145,5.774,3030.26723
1146,5.773,3093.71812
1147,5.773,3085.91835
1148,5.772,3163.23312
1149,5.772,3076.19677
1150,5.771,3090.83667
1151,5.771,2992.88816
1152,5.772,3169.97931
1153,5.771,3125.11185
1154,5.771,3104.42337
1155,5.772,2984.00239
1156,5.771,3180.91004
1157,5.771,3043.45069
1158,5.772,3086.91525
1159,5.786,4325.48236
1160,5.617,34153.3218
1161,0.756,34231.2636
1162,0.792,32874.0579
1163,0.793,32587.7994
1164,0.793,32167.79
1165,0.793,30993.9812
1166,0.793,30747.5299
1167,0.793,30141.9934
1168,0.793,29803.1866
1169,0.793,29586.3896
1170,0.793,29188.263
1171,0.793,29130.5538
1172,0.793,28776.7194
1173,0.793,28441.4335
1174,0.793,28796.6137
1175,0.793,28851.5969
1176,0.793,28251.5229
1177,0.793,28073.9316
1178,0.793,28062.4101
1179,0.793,27856.0091
1180,0.793,25091.571
1181,1.185,8971.83148
1182,0.947,3836.44763
1183,2.755,3211.94446
1184,5.673,3158.7567
1185,5.788,3188.96836
1186,5.779,3078.90528
1187,5.769,3246.54759
1188,5.784,3237.00539
1189,5.777,3033.81136
1190,5.78,3017.99223
1191,5.779,3093.8732
1192,5.775,3070.85321
1193,5.779,3148.6621
1194,5.776,2957.82032
1195,5.775,3061.92092
1196,5.775,3005.05768
1197,5.774,3030.89798
1198,5.773,3013.70324
1199,5.773,3120.6418
1200,5.772,3115.07855
1201,5.772,3054.21422
1202,5.773,2932.01501
1203,5.773,3051.13433
1204,5.772,3026.02076
1205,5.772,3058.32527
1206,5.772,3028.61219
1207,5.772,2998.78089
1208,5.771,3053.38998
1209,5.771,2863.88407
1210,5.771,2998.38543
1211,5.771,2952.83797
1212,5.771,3073.80723
1213,5.771,2801.27755
1214,5.771,3007.73699
1215,5.771,3045.28507
1216,5.771,3107.66921
1217,5.771,3098.08411
1218,5.771,3189.9965
1219,5.771,3076.7003
1220,5.771,3033.17421
1221,5.771,3133.94835
1222,5.771,3108.27785
1223,5.771,3092.60027
1224,5.771,3098.95915
1225,5.771,2941.0001
1226,5.771,3113.47418
1227,5.855,34945.2711
1228,2.303,34068.4134
1229,0.786,33718.1371
1230,0.787,33503.6877
1231,0.787,33061.0257
1232,0.787,32570.5924
1233,0.787,32289.1939
1234,0.787,32405.8543
1235,0.787,32126.5662
1236,0.787,31974.9431
1237,0.787,32928.7418
1238,0.787,16496.6162
1239,0.946,18553.8893
1240,1.51,8105.5673
1241,2.076,3130.499
1242,5.587,3079.21984
1243,5.757,3085.22449
1244,5.773,3041.90889
1245,5.763,3195.41416
1246,5.764,3038.28717
1247,5.769,3057.07101
1248,5.766,3077.57256
1249,5.766,3138.50348
1250,5.767,3015.88579
1251,5.769,3018.11281
1252,5.771,3071.68606
1253,5.771,2976.656
1254,5.769,3013.9543
1255,5.768,3096.40301
1256,5.767,2995.18962
1257,5.767,3045.75662
1258,5.767,2993.4402
1259,5.766,3133.01092
1260,5.766,3184.09976
1261,5.765,3051.21742
1262,5.766,3020.70818
1263,5.766,2998.94551
1264,5.766,3055.08996
1265,5.766,3010.01671
1266,5.765,3032.15468
1267,5.765,3145.07305
1268,5.765,2980.95355
1269,5.765,2976.25843
1270,5.766,2989.54397
1271,5.766,3077.89282
1272,5.774,3594.44508
1273,5.626,34663.4631
1274,0.741,33994.6238
1275,0.779,32813.8947
1276,0.781,32740.6134
1277,0.781,31779.4856
1278,0.782,32255.6005
1279,0.782,32545.9252
1280,0.782,32141.586
1281,0.782,31887.2227
1282,0.782,32241.0053
1283,0.782,31279.1909
1284,0.782,31376.4936
1285,0.782,30719.853
1286,0.782,30143.4105
1287,0.782,29957.1187
1288,0.782,29667.4091
1289,0.782,27666.4796
1290,0.909,17505.9653
1291,1.276,12698.1674
1292,1.025,5282.50215
1293,2.121,3142.29799
1294,5.744,3134.62469
1295,5.786,3190.17059
1296,5.779,3009.61763
1297,5.768,3102.3677
1298,5.768,3108.76883
1299,5.758,3079.36971
1300,5.762,3117.788
1301,5.758,3069.63763
1302,5.758,3146.80023
1303,5.759,2944.50343
1304,5.759,3056.68664
1305,5.759,3015.7684
1306,5.758,2989.23768
1307,5.757,3061.90189
1308,5.757,3050.99242
1309,5.757,3180.17326
1310,5.756,3099.29471
1311,5.757,2945.45581
1312,5.756,2937.10455
1313,5.757,3157.92936
1314,5.756,3037.60131
1315,5.756,3007.92934
1316,5.756,3093.99564
1317,5.756,2985.7949
1318,5.756,3133.05718
1319,5.756,3017.81595
1320,5.756,3011.18161
1321,5.756,3085.11699
1322,5.755,2982.92008
1323,5.755,3129.88297
1324,5.756,2892.9638
1325,5.755,3002.59006
1326,5.755,3058.42153
1327,5.755,3062.21927
1328,5.755,3140.56306
1329,5.756,8023.59985
1330,5.421,39232.3729
1331,0.774,37251.1662
1332,0.789,36285.0239
1333,0.791,35592.144
1334,0.791,34990.0646
1335,0.791,34199.7407
1336,0.791,33181.3596
1337,0.791,32757.9595
1338,0.791,32279.6534
1339,0.791,32771.0894
1340,0.791,32696.5173
1341,0.791,32698.0396
1342,0.791,32738.531
1343,0.791,25821.4716
1344,0.92,13544.9374
1345,1.456,3217.99236
1346,4.664,3284.82669
1347,5.736,3125.69494
1348,5.775,3215.93263
1349,5.773,3079.26256
1350,5.771,3002.59426
1351,5.77,3152.31496
1352,5.766,2932.83961
1353,5.765,2979.34019
1354,5.76,3089.8047
1355,5.76,3073.99409
1356,5.759,3115.23892
1357,5.76,3041.13291
1358,5.759,3003.64869
1359,5.757,3022.71006
1360,5.757,3294.19884
1361,5.757,3066.87943
1362,5.756,3056.8679
1363,5.756,3091.37875
1364,5.756,2995.6974
1365,5.756,2864.91176
1366,5.755,3002.53474
1367,5.755,3157.38014
1368,5.81,3776.91284
1369,5.434,34954.0601
1370,0.761,34485.7531
1371,0.782,32535.9726
1372,0.783,32470.9903
1373,0.783,31361.7599
1374,0.784,31123.8905
1375,0.784,30819.4144
1376,0.784,30944.8304
1377,0.784,30986.7816
1378,0.784,30646.2925
1379,0.784,30305.3466
1380,0.784,30430.48
1381,0.784,13166.0106
1382,1.006,7982.55112
1383,1.28,3375.49159
1384,3.682,3184.6916
1385,5.798,3097.5617
1386,5.785,3137.41301
1387,5.768,3099.22604
1388,5.765,3086.51384
1389,5.757,3110.05858
1390,5.761,3087.47829
1391,5.759,3148.737
1392,5.758,3034.51468
1393,5.759,3020.75543
1394,5.759,3012.20912
1395,5.758,3040.72326
1396,5.755,2990.1337
1397,5.755,2979.25388
1398,5.754,2984.98806
1399,5.753,2901.14289
1400,5.752,3009.07235
1401,5.751,2957.17498
1402,5.751,3073.21266
1403,5.751,3059.23691
1404,5.751,3114.94491
1405,5.751,2891.01977
1406,5.751,2962.39537
1407,5.763,3053.06358
1408,5.761,2964.32469
1409,5.769,3583.56571
1410,5.483,34517.8755
1411,0.731,34243.0567
1412,0.786,33273.378
1413,0.788,32523.0702
1414,0.788,32222.828
1415,0.788,31137.3521
1416,0.788,30565.7433
1417,0.788,30715.087
1418,0.787,30099.1393
1419,0.787,30859.5863
1420,0.787,30233.8831
1421,0.787,30003.2058
1422,0.787,29588.1386
1423,0.787,29237.971
1424,0.787,29136.0937
1425,0.787,20264.1334
1426,1.244,13682.9494
1427,1.073,14170.389
1428,1.342,10380.3797
1429,1.381,10615.4698
1430,1.85,16874.5139
1431,2.738,3270.18152
1432,5.615,3131.74376
1433,5.752,3147.99238
1434,5.788,3057.15599
1435,5.764,3060.59997
1436,5.77,3129.48007
1437,5.772,3055.67045
1438,5.77,3065.47489
1439,5.768,3037.72792
1440,5.77,3121.55904
1441,5.773,3059.34195
1442,5.771,3024.61613
1443,5.768,3065.39591
1444,5.767,2985.87655
1445,5.766,3034.74518
1446,5.767,2971.86345
1447,5.765,2962.48282
1448,5.765,3101.63596
1449,5.766,3086.17687
1450,5.765,3013.05517
1451,5.766,3026.59419
1452,5.765,3012.12712
1453,5.764,3012.25251
1454,5.765,3017.29454
1455,5.765,3149.54065
1456,5.764,2966.60612
1457,5.766,3147.95885
1458,5.766,3038.05636
1459,5.765,3064.83767
1460,5.765,3143.55234
1461,5.765,3158.30961
1462,5.764,3006.64013
1463,5.764,2950.68107
1464,5.768,3086.48164
1465,5.767,3126.73374
1466,5.767,3034.75879
1467,5.767,3126.28723
1468,5.766,2944.37831
1469,5.765,2955.40641
1470,5.765,3139.39278
1471,5.765,3012.98823
1472,5.764,2940.16558
1473,5.765,3512.96601
1474,5.67,33074.6602
1475,0.699,32381.7084
1476,0.778,32564.0953
1477,0.78,32499.8601
1478,0.78,31979.8838
1479,0.78,31032.0104
1480,0.78,31057.7477
1481,0.78,30955.4999
1482,0.78,30928.2929
1483,0.78,30464.2319
1484,0.78,30217.3666
1485,0.78,29683.0566
1486,0.78,29811.0502
1487,0.78,29874.6535
1488,0.78,19798.6425
1489,1.3,12543.3493
1490,1.13,11752.8181
1491,1.457,31960.9465
1492,1.382,3549.37422
1493,1.861,3234.55547
1494,5.785,3096.13415
1495,5.769,3127.88647
1496,5.774,3121.63746
1497,5.772,3093.9723
1498,5.77,3092.5994
1499,5.762,3131.63615
1500,5.76,3087.48212
1501,5.757,3106.65827
1502,5.759,2983.72125
1503,5.759,3128.44374
1504,5.757,2975.30676
1505,5.755,3106.43852
1506,5.754,3027.37146
1507,5.754,3054.64119
1508,5.753,3050.80506
1509,5.752,2935.74972
1510,5.752,3012.19708
1511,5.751,2982.62621
1512,5.751,2917.76772
1513,5.75,3031.13631
1514,5.751,2937.39396
1515,5.75,2894.71997
1516,5.75,3104.06562
1517,5.75,2930.40806
1518,5.75,2959.08933
1519,5.749,3307.86682
1520,5.748,34538.2333
1521,0.949,32779.8793
1522,0.779,33460.9405
1523,0.784,33111.7365
1524,0.785,32248.8327
1525,0.785,30725.1141
1526,0.786,30692.9607
1527,0.786,29476.7483
1528,0.786,29024.8099
1529,0.786,29749.4895
1530,0.787,31055.2899
1531,1.879,29949.6001
1532,0.786,29780.4298
1533,0.788,30291.5949
1534,1.063,26664.8988
1535,0.983,8720.11821
1536,1.315,3697.61057
1537,5.368,3164.88156
1538,5.742,3105.46975
1539,5.753,3211.62372
1540,5.776,3092.03658
1541,5.759,2983.51405
1542,5.765,3054.89995
1543,5.764,2992.46831
1544,5.761,2952.01983
1545,5.759,3084.91324
1546,5.755,3097.24063
1547,5.754,2814.62694
1548,5.754,2996.16435
1549,5.752,2906.65983
1550,5.752,3028.67347
1551,5.752,2979.53059
1552,5.753,3119.53826
1553,5.752,3029.57482
1554,5.751,2966.79699
1555,5.752,2984.6014
1556,5.752,2899.09151
1557,5.753,2882.70618
1558,5.753,2961.00057
1559,5.752,3006.75977
1560,5.752,3063.62176
1561,5.751,2964.8634
1562,5.752,2992.73856
1563,5.753,3019.18278
1564,5.752,2906.48825
1565,5.753,2922.50457
1566,5.752,2896.56324
1567,5.752,2966.14873
1568,5.751,2854.25585
1569,5.752,3030.45011
1570,5.752,2918.01338
1571,5.751,2908.65287
1572,5.752,3080.88487
1573,5.751,2908.18317
1574,5.752,2944.28696
1575,5.751,3045.12517
1576,5.752,2945.87321
1577,5.751,2986.72195
1578,5.751,3000.92297
1579,5.751,3053.96687
1580,5.752,3001.47899
1581,5.751,2799.1933
1582,5.752,2973.66561
1583,5.751,2914.32297
1584,5.75,3033.06616
1585,5.751,2936.82654
1586,5.751,2913.25034
1587,5.751,2997.74096
1588,5.75,2908.25317
1589,5.751,3029.57501
1590,5.751,3008.99908
1591,5.75,2962.89652
1592,5.751,3042.8717
1593,5.751,2988.20389
1594,5.751,3114.49361
1595,5.75,3094.79127
1596,5.751,3035.80047
1597,5.751,2976.98826
1598,5.751,3106.27819
1599,5.751,2986.76986
1600,5.751,3812.86397
1601,5.556,33600.7167
1602,0.835,32960.1915
1603,0.779,33360.4533
1604,0.779,33236.5586
1605,0.779,31929.5764
1606,0.779,31790.9108
1607,0.779,31811.4101
1608,0.779,31717.7067
1609,0.779,31874.6479
1610,0.779,31699.6585
1611,0.779,30850.6691
1612,0.779,30132.2764
1613,0.779,30704.2653
1614,1.363,27806.717
1615,1.195,25530.4938
1616,0.935,4027.94698
1617,3.375,3229.91306
1618,5.755,3211.76816
1619,5.736,3158.95469
1620,5.741,3034.10947
1621,5.749,3163.85908
1622,5.743,3173.37979
1623,5.744,3158.28626
1624,5.737,3139.0046
1625,5.733,2976.54285
1626,5.734,3048.0439
1627,5.735,2985.47259
1628,5.734,3046.78848
1629,5.732,3025.6013
1630,5.731,3181.52443
1631,5.731,3116.06986
1632,5.731,3083.2213
1633,5.729,3064.14552
1634,5.729,2976.12536
1635,5.729,3072.01901
1636,5.728,3071.74354
1637,5.728,3084.60684
1638,5.727,3051.21052
1639,5.727,2953.43675
1640,5.726,3017.48449
1641,5.726,3026.80114
1642,5.726,3062.38977
1643,5.726,3204.99281
1644,5.725,2933.2324
1645,5.725,2901.21256
1646,5.725,3083.58869
1647,5.725,3060.73268
1648,5.725,3018.8208
1649,5.725,3027.45101
1650,5.725,2992.66761
1651,5.725,3067.96559
1652,5.725,2940.37227
1653,5.725,3041.01892
1654,5.728,5059.67634
1655,5.403,36365.3049
1656,0.758,34804.1921
1657,0.767,33196.6606
1658,0.769,32859.4871
1659,0.769,32561.5274
1660,0.769,32660.908
1661,0.769,33046.9202
1662,0.769,33216.2596
1663,0.769,32487.3466
1664,0.769,32135.4791
1665,0.769,31802.5042
1666,0.769,31865.724
1667,0.769,31572.0674
1668,0.769,31104.6374
1669,0.769,21617.4283
1670,0.795,16963.3856
1671,0.862,14483.7597
1672,1.259,16105.4477
1673,1.311,12265.9732
1674,1.543,13290.6672
1675,1.395,9469.32093
1676,1.749,9546.91982
1677,1.553,11088.8095
1678,1.741,6563.7794
1679,1.021,3786.01042
1680,4.539,3249.65086
1681,5.745,3068.38834
1682,5.734,3035.28301
1683,5.758,2940.96122
1684,5.74,3039.79292
1685,5.75,3167.82671
1686,5.741,2994.45101
1687,5.746,2834.51507
1688,5.744,3090.89533
1689,5.751,3101.88192
1690,5.747,3060.31038
1691,5.742,3104.79283
1692,5.744,3060.13966
1693,5.743,2921.23808
1694,5.742,2982.59869
1695,5.741,2962.03882
1696,5.74,3007.83754
1697,5.74,3033.5665
1698,5.74,3022.55559
1699,5.74,2974.44129
1700,5.74,3016.41407
1701,5.739,2915.34913
1702,5.739,2978.25141
1703,5.739,2786.95859
1704,5.739,3013.82453
1705,5.739,2858.51435
1706,5.739,2821.07073
1707,5.739,2983.52312
1708,5.739,2978.4057
1709,5.739,3001.97628
1710,5.739,2972.15795
1711,5.739,2930.36727
1712,5.739,2946.05102
1713,5.739,2990.87183
1714,5.739,3004.5399
1715,5.739,2970.08244
1716,5.739,2968.8876
1717,5.738,2966.80481
1718,5.739,3054.15452
1719,5.739,2993.80847
1720,5.739,2972.30348
1721,5.739,3002.90733
1722,5.739,2975.95725
1723,5.739,3145.55628
1724,5.739,3021.58987
1725,5.739,2949.10991
1726,5.739,2956.34559
1727,5.739,2922.74313
1728,5.739,2972.88306
1729,5.739,2890.70564
1730,5.739,3096.26883
1731,5.739,2835.84644
1732,5.739,3030.08624
1733,5.739,8822.30445
1734,4.98,35243.019
1735,0.76,35002.2736
1736,0.761,35165.6284
1737,0.761,33919.3793
1738,0.761,33934.446
1739,0.76,33498.752
1740,0.76,33624.7327
1741,0.76,34157.7792
1742,0.76,33103.8686
1743,0.76,32973.2816
1744,0.76,32509.8127
1745,0.76,31666.5689
1746,0.76,31239.8332
1747,0.76,30954.2358
1748,0.76,31065.6983
1749,0.76,30918.3832
1750,0.76,31122.6134
1751,0.759,31283.7446
1752,0.759,31063.5369
1753,0.759,30620.6886
1754,0.759,30383.7596
1755,0.759,30546.2367
1756,0.759,30072.989
1757,0.759,30457.1809
1758,0.759,30629.199
1759,0.759,30759.4982
1760,0.759,30343.6995
1761,0.759,30720.59
1762,0.759,30783.1901
1763,0.759,31174.3659
1764,0.759,31018.766
1765,0.759,31155.3466
1766,0.759,30878.0182
1767,0.759,30637.7304
1768,0.759,30462.3309
1769,0.759,30590.5913
1770,0.759,30349.7704
1771,0.759,30025.5713
1772,0.759,11314.0305
1773,1.022,6171.46132
1774,1.239,3433.783
1775,5.307,3196.44171
1776,5.753,3117.58807
1777,5.763,3098.26018
1778,5.768,3035.46581
1779,5.768,3035.78242
1780,5.771,3142.61857
1781,5.771,3047.43985
1782,5.766,2983.9287
1783,5.762,3089.19367
1784,5.764,2960.35112
1785,5.766,3024.56528
1786,5.765,2943.3309
1787,5.763,3122.82328
1788,5.763,3072.03504
1789,5.763,3090.44462
1790,5.763,3071.17014
1791,5.763,3097.71675
1792,5.763,2840.09859
1793,5.762,2976.56916
1794,5.764,3089.72806
1795,5.763,2926.74919
1796,5.762,3081.42222
1797,5.762,3079.04701
1798,5.762,2928.74025
1799,5.762,2919.34881
1800,5.763,3049.83104
1801,5.761,2980.06497
1802,5.756,51549.5015
1803,3.372,32697.6055
1804,0.776,32073.3835
1805,0.776,31647.8744
1806,0.776,31304.033
1807,0.776,30420.4946
1808,0.776,30954.2565
1809,0.776,31113.1391
1810,0.776,30348.3162
1811,0.776,30191.7032
1812,0.776,29728.6009
1813,0.776,29233.2584
1814,0.775,23335.429
1815,1.409,5514.30715
1816,1.082,3164.13985
1817,5.539,3217.30427
1818,5.754,3235.66952
1819,5.757,3182.04604
1820,5.752,3207.76424
1821,5.762,2971.74802
1822,5.758,3145.50638
1823,5.763,3029.96533
1824,5.759,3157.71259
1825,5.762,3066.45106
1826,5.76,3097.39608
1827,5.757,3130.34168
1828,5.756,2960.19514
1829,5.756,3160.09907
1830,5.756,3176.12941
1831,5.756,2995.80638
1832,5.755,3174.08206
1833,5.759,3004.27571
1834,5.758,3152.70979
1835,5.758,3141.04564
1836,5.757,3085.23897
1837,5.757,3148.24644
1838,5.745,48340.3092
1839,3.072,35298.0354
1840,0.753,34213.9113
1841,0.753,33846.2012
1842,0.753,33517.0527
1843,0.753,32567.3223
1844,0.754,32445.2202
1845,0.753,32512.7988
1846,0.753,32060.6604
1847,0.753,32241.7439
1848,0.753,31745.8312
1849,0.753,27646.8265
1850,0.753,28027.022
1851,0.778,8544.16636
1852,1.728,9206.27418
1853,2.203,11187.6031
1854,1.713,3345.65217
1855,5.459,3122.87971
1856,5.734,3077.09778
1857,5.756,3117.16209
1858,5.753,3144.23705
1859,5.761,3020.51353
1860,5.761,3029.58917
1861,5.766,3068.83053
1862,5.762,2955.48224
1863,5.767,3026.81804
1864,5.766,3045.08474
1865,5.763,2981.91683
1866,5.76,3137.18862
1867,5.76,2978.56253
1868,5.76,3044.81231
1869,5.759,3157.79348
1870,5.786,61827.8037
1871,4.139,34986.8844
1872,0.764,34119.438
1873,0.766,33064.1618
1874,0.766,33312.5405
1875,0.766,32820.5431
1876,0.766,32684.1781
1877,0.766,31579.6494
1878,0.766,30800.9039
1879,0.766,30835.2521
1880,0.766,31442.3905
1881,0.766,31492.084
1882,0.765,31586.1655
1883,0.765,31856.1024
1884,0.765,14655.1957
1885,0.817,9682.74953
1886,1.406,6327.94777
1887,2.49,3160.36292
1888,5.929,3162.64985
1889,5.773,3132.6362
1890,5.779,3142.28081
1891,5.773,3242.21817
1892,5.772,2889.25102
1893,5.767,3082.70515
1894,5.769,3047.12921
1895,5.765,3108.73315
1896,5.766,3055.59961
1897,5.764,2872.49369
1898,5.765,3096.20369
1899,5.765,3078.3162
1900,5.764,3061.26764
1901,5.762,3020.58845
1902,5.762,2988.02444
1903,5.762,3518.5642
1904,5.68,35504.8765
1905,0.762,34174.2887
1906,0.785,33510.8734
1907,0.785,32870.1978
1908,0.785,32604.095
1909,0.785,32127.9894
1910,0.785,32542.0791
1911,0.785,32100.2681
1912,0.785,31374.0382
1913,0.785,30898.8861
1914,0.785,29340.8339
1915,0.785,11677.7399
1916,0.951,18187.3488
1917,0.934,5409.77742
1918,1.748,3264.03693
1919,5.609,3069.69333
1920,5.734,3214.44782
1921,5.777,3112.49475
1922,5.76,2987.62654
1923,5.767,3027.47079
1924,5.757,3074.73456
1925,5.767,3041.52435
1926,5.755,3050.07156
1927,5.758,3099.06083
1928,5.761,3042.37481
1929,5.761,3117.36617
1930,5.759,2951.02554
1931,5.757,3031.92157
1932,5.757,3012.37847
1933,5.756,3063.81421
1934,5.761,3160.58203
1935,5.743,45665.2702
1936,3.053,34897.4016
1937,0.771,32678.8208
1938,0.773,31666.8237
1939,0.773,31581.8171
1940,0.773,31889.6169
1941,0.773,32148.8792
1942,0.773,32072.2047
1943,0.773,32141.3618
1944,0.773,31720.1551
1945,0.773,31421.3838
1946,0.773,31518.3796
1947,0.773,26583.3415
1948,1.645,22974.4921
1949,1.966,4161.47817
1950,2.009,3234.94826
1951,5.707,2975.70199
1952,5.774,3089.51589
1953,5.776,2993.03414
1954,5.762,3054.40861
1955,5.773,2887.76451
1956,5.765,3005.013
1957,5.765,2869.45529
1958,5.77,3121.8014
1959,5.774,3001.63299
1960,5.775,3051.26074
1961,5.77,3087.5489
1962,5.768,2977.45272
1963,5.769,2909.11634
1964,5.768,2955.56802
1965,5.767,2993.80583
1966,5.766,3011.08228
1967,5.765,3032.30849
1968,5.765,2973.7913
1969,5.764,3053.13249
1970,5.764,3047.30539
1971,5.764,3540.97945
1972,5.668,33316.3722
1973,0.721,32732.7178
1974,0.765,32429.1167
1975,0.766,32181.5417
1976,0.766,31699.0769
1977,0.766,31621.8063
1978,0.766,30604.523
1979,0.766,30567.8936
1980,0.766,30388.3836
1981,0.766,30241.2129
1982,0.766,30452.4125
1983,0.766,30147.0655
1984,0.766,29634.7666
1985,1.529,16953.197
1986,2.021,10763.6686
1987,1.856,9900.73265
1988,2.517,3241.61787
1989,5.714,3064.60158
1990,5.728,3241.53983
1991,5.73,3080.86836
1992,5.73,3164.66032
1993,5.722,3009.46341
1994,5.727,3159.06838
1995,5.718,3108.20088
1996,5.72,3190.16084
1997,5.723,3267.61298
1998,5.727,3014.69425
1999,5.726,3071.7615
2000,5.722,3052.93374
2001,5.72,2970.49218
2002,5.72,3140.26408
2003,5.72,3102.39938
2004,5.719,60108.3164
2005,2.766,37712.2454
2006,0.752,36491.8287
2007,0.752,33652.0383
2008,0.752,34032.7803
2009,0.752,34510.3096
2010,0.752,34425.4216
2011,0.751,33950.5062
2012,0.752,33512.7987
2013,0.751,32970.0281
2014,0.751,32680.5079
